-450000|70-HC-289|ap13-70-HC-289.jpg||
-351008|69-HC-1269|ap13-69-HC-1269HR.jpg||On the pad waiting for fuelling
-235000|KSC-70C-1491|ap13-KSC-70C-1491HR.jpg||Apollo 13 Saturn V on the pad at dusk
-234500|KSC-70C-1490|ap13-KSC-70C-1490HR.jpg||Apollo 13 silhouetted by sunset following MSS pullback
-233500|KSC-70PC-43|ap13-KSC-70PC-43HR.jpg||Apollo 13 Saturn V on the launch pad at sunset
-231500|KSC-70PC-176|ap13-KSC-70PC-176HR.jpg||Apollo 13 Saturn V spotlit on the launch pad
-230500|70-HC-291|ap13-70-HC-291HR.jpg||Nighttime view of Apollo 13 Saturn V on pad
-225500|S70-32990|ap13-S70-32990HR.jpg||Apollo 13 on the pad at night
-121300|KSC-70C-1049|ap13-KSC-70C-1049HR.jpg||The Apollo 13 CSM and Escape Tower from the Mobile Service Structure
-101008|70-HC-351|ap13-70-HC-351HR.jpg||On the pad waiting for fuelling
-003000|KSC-70PC-104|ap13-KSC-70PC-104HR.jpg||Apollo 13 ready for launch
0000000|KSC-70PC-178|ap13-KSC-70PC-178HR.jpg||Launch
0000003|KSC-70PC-160|ap13-KSC-70PC-160HR.jpg||Launch
0000004|S70-34853|ap13-S70-34853.jpg||Launch
0000005|KSC-70PC-159|ap13-KSC-70PC-159.jpg||Launch
0000008|S70-34747|ap13-S70-34747HR.jpg||Launch
0000009|KSC-70PC-107|ap13-KSC-70PC-107HR.jpg||Launch
0000011|S70-34855|ap13-S70-34855HR.jpg||Launch
0011028|AS13-60-8577|||Cloud covered Pacific Ocean
0013110|AS13-60-8578|||Baja California
0031626|AS13-60-8579|||LM & S-IVB during Transposition and Docking
0031648|AS13-60-8580|||LM & S-IVB during Transposition and Docking
0031710|AS13-60-8581|||LM & S-IVB during Transposition and Docking
0040920|AS13-60-8582|||S-IVB over the LM following separation
0040932|AS13-60-8583|||S-IVB over the LM following separation
0040938|AS13-60-8584|||S-IVB over the LM following separation
0041200|AS13-60-8585|||S-IVB over the LM following separation
0041204|AS13-60-8586|||S-IVB over the LM following separation
0041607|AS13-60-8587|||S-IVB following separation
0042141|AS13-60-8588|||North & central America and the Pacific Ocean
0043906|AS13-60-8589|||Distant view of the S-IVB venting
0070745|AS13-60-8590|||Earth  terminator off west coast of US storm cloud formation
0073949|AS13-60-8591|||Earth, Pacific Ocean cold front seen in cloud formation
0084209|AS13-60-8592|||Earth, Pacific Ocean cold front seen in cloud formation
0090312|AS13-60-8593|||Earth, Pacific Ocean cold front seen in cloud formation
0093626|AS13-60-8594|||Earth, Pacific Ocean cold front seen in cloud formation
0094712|AS13-60-8595|||Earth, Pacific Ocean cold front seen in cloud formation. Mainland of Asia on Horizon. Yellow Sea, Korea, SE Asia
0100840|AS13-60-8596|||Earth, Pacific Ocean cold front seen in cloud formation. Mainland of Asia on Horizon. Yellow Sea, Korea, SE Asia
0103101|AS13-60-8597|||Earth, Pacific Ocean cold front seen in cloud formation. Mainland of Asia on Horizon. Yellow Sea, Korea, SE Asia
0105301|AS13-60-8598|||Earth, Pacific Ocean cold front seen in cloud formation. Mainland of Asia on Horizon. Yellow Sea, Korea, SE Asia
0111501|AS13-60-8599|||Earth, Pacific Ocean cold front seen in cloud formation. Mainland of Asia on Horizon. Yellow Sea, Korea, SE Asia
0113720|AS13-60-8600|||Eastern Pacific Ocean, Australia, China Sea and Korea
0261020|AS13-60-8601|||Distant view of Earth, North America, Caribbean Sea
0261109|AS13-60-8602|||Distant view of Earth, North America, Caribbean Sea
0680002|AS13-62-8880|||LM interior out of focus. Reflection of ascent engine cover
0680015|AS13-62-8881|||Moon crescent taken through LMP LM window. Ptolemaeus & Alphonsus can just been seen near the sunrise terminator. RCS thruster in foreground. 
0680030|AS13-62-8882|||Moon crescent taken through LMP LM window. Ptolemaeus & Alphonsus can just been seen near the sunrise terminator. RCS thruster in foreground. 
0680044|AS13-62-8883|||Moon crescent taken through LMP LM window. Ptolemaeus & Alphonsus can just been seen near the sunrise terminator. RCS thruster in foreground. 
0680100|AS13-62-8884|||Moon crescent taken through LMP LM window. Ptolemaeus & Alphonsus can just been seen near the sunrise terminator. RCS thruster in foreground. 
0680115|AS13-62-8885|||Moon crescent taken through LMP LM window. Ptolemaeus & Alphonsus can just been seen near the sunrise terminator. RCS thruster in foreground. 
0680320|AS13-62-8886|||Earth taken through the CDR LM window, Africa and Europe
0680335|AS13-62-8887|||Earth taken through the CDR LM window, Africa and Europe
0680350|AS13-62-8888|||Earth taken through the CDR LM window, Africa and Europe
0680409|AS13-62-8889|||Earth taken through the CDR LM window, Africa and Europe
0680500|AS13-62-8890|||Transfer tunnel to LM, dark
0680504|AS13-62-8891|||Transfer tunnel to LM, dark
0680510|AS13-62-8892|||Transfer tunnel to LM, dark
0680610|AS13-62-8893|||Faint image of Moon taken through the LMP LM window
0680625|AS13-62-8894|||Faint image of Moon taken through the LMP LM window
0680640|AS13-62-8895|||Faint image of Moon taken through the LMP LM window
0680655|AS13-62-8896|||Faint image of Moon taken through the LMP LM window
0680710|AS13-62-8897|||Faint image of Moon taken through the LMP LM window
0682021|AS13-62-8898|||LM interior very dark, panel 1 and the CDR window
0682213|AS13-62-8899|||LM interior dark looking over to CDR station and the docking window
0682223|AS13-62-8900|||LM interior dark looking over to CDR station and the docking window
0760510|AS13-60-8603|||Attempted view of the nearside terminator and lunar limb. No detail.
0760520|AS13-60-8604|||Very faint lunar limb and neraside terminator-Arzachel, Thebit and  Purbach
0760540|AS13-60-8605|||Very faint lunar limb and nearside terminator-Arzachel, Thebit and  Purbach
0760600|AS13-60-8606|||Very faint lunar limb and nearside terminator-Rupes Recta, Purbach, Arzachel and Alphonsus
0761005|AS13-62-8901|||Very distant Earth crescent
0761020|AS13-62-8902|||Very distant Earth crescent
0761035|AS13-62-8903|||Very distant Earth crescent
0761050|AS13-62-8904|||Very distant Earth crescent
0761105|AS13-62-8905|||Very distant Earth crescent
0761120|AS13-62-8906|||Very distant Earth crescent
0772525|AS13-62-8907|||Chaplygin, Schliemann and Ventris, with the CM in the foreground, taken through the LM docking window
0772531|AS13-62-8908|||Chaplygin, Schliemann and Ventris, with the CM in the foreground, taken through the LM docking window
0772539|AS13-62-8909|||Chaplygin, Schliemann and Beijerinck, with the CM in the foreground, taken through the LM docking window
0772545|AS13-62-8910|||Chaplygin, Schliemann and Ventris, with the CM in the foreground, taken through the LM docking window
0772552|AS13-62-8911|||Chaplygin, Schliemann, with the CM in the foreground, taken through the LM docking window
0772559|AS13-62-8912|||Chaplygin, Schliemann and Ventris, with the CM in the foreground, taken through the LM docking window
0772609|AS13-62-8913|||Chaplygin, Schliemann, Beijerinck, and Gagarin, with the CM in the foreground, taken through the LM docking window
0772618|AS13-60-8609|||Dellinger, Chauvenet
0772622|AS13-62-8914|||Chaplygin, Schliemann and Marconi, with the CM in the foreground, taken through the LM docking window
0772643|AS13-60-8607|||Chaplygin, Marconi
0772656|AS13-60-8608|||Marconi, Vil'ev, Dellinger
0772742|AS13-60-8610|||Chaplygin
0772746|AS13-60-8611|||Chaplygin
0772750|AS13-60-8612|||NE of Chaplygin, Schliemann T & W
0772802|AS13-60-8613|||Chaplygin
0772819|AS13-60-8614|||Chaplygin
0772848|AS13-60-8615|||Chaplygin and Beijerinck
0772914|AS13-60-8616|||Denning, Denning B, R & Y
0772937|AS13-60-8617|||Chauvenet, Chauvenet C, D, I & J
0772951|AS13-60-8618|||Perepelkin, Love G & H
0773024|AS13-60-8619|||Tsiolkovskiy, Chauvenet & Chauvenet C
0773028|AS13-60-8620|||Ten Bruggencate Y, Prager G, Pannekoek R & T
0773035|AS13-60-8621|||Perepelkin, Shirakatsi, Dobrovol'skiy
0773039|AS13-60-8622|||Shirakatsi, Dobrovol'skiy and Dobrovol'skiy R
0773047|AS13-60-8623|||Love, Perepelkin, Shirakatsi
0773051|AS13-60-8624|||Glazenap, Pannekoek T, Prager G
0773055|AS13-60-8625|||Lunar Horizon looking south towards Tsiolkovsky, Patsaev, Volkov, Lander
0773058|AS13-60-8626|||Lunar Horizon looking south towards Tsiolkovsky, Volkov and Dobrovol'skiy
0773109|AS13-60-8627|||Pirquet, Levi-Civita S, Pavlov V
0773113|AS13-60-8628|||Pirquet, Denning, Denning R & V
0773119|AS13-60-8629|||Chauvenet, Chauvenet C and Pannekoek
0773124|AS13-60-8630|||Pannekoek, Pannekoek R & T, Dellinger
0773145|AS13-60-8631|||Lane, Ten Bruggencate, Prager G, Glazenap P
0773151|AS13-60-8632|||Perpelkin, Love, Prager, Danjon, D'Arsonval
0773213|AS13-60-8633|||Tsiolkovsky, Fermi and Dobrovol'skiy
0773216|AS13-60-8634|||Tsiolkovsky, Fermi and Dobrovol'skiy
0773231|AS13-60-8635|||Ventris and Keeler
0773237|AS13-60-8636|||Schliemann, Ventris and Keeler
0773343|AS13-60-8637|||Perpelkin, Dobrovol'skiy, Volkov, Tsiolkovskiy, Fermi
0773347|AS13-60-8638|||Shirakatsi, Dobrovol'skiy, Tsiolkovskiy
0773518|AS13-60-8639|||Meitner, Khvol'son, Pasteur
0773531|AS13-60-8640|||Einthoven, Pasteur, and Saha J
0773540|AS13-62-8915|||Mare Moscoviense, Komarov, Konstantinov, Van Gent, Papaleksi and Mandel'shtam at the terminator
0773543|AS13-60-8641|||Einthoven, Pasteur, and Saha J
0773547|AS13-62-8916|||Mare Moscoviense, Komarov, Konstantinov, Van Gent, Papaleksi and Mandel'shtam at the terminator
0773555|AS13-60-8642|||Becvar, Becvar R & T, Necho and Vesalius H & J
0773558|AS13-62-8917|||Mare Moscoviense, Komarov, Konstantinov, Van Gent, Papaleksi and Mandel'shtam at the terminator
0773602|AS13-62-8918|||Vening Meinesz, Konstantinov, Van Gent, Papaleksi and Mandel'shtam at the terminator
0773608|AS13-62-8919|||Mare Moscoviense, Komarov, Konstantinov, at the terminator
0773617|AS13-60-8643|||Milne, Scaliger, Alden, Iszak
0773626|AS13-60-8644|||Pasteur and Hilbert
0773630|AS13-62-8920|||Mare Moscoviense, Komarov, Konstantinov, Van Gent, Papaleksi the terminator
0773635|AS13-60-8645|||Pasteur, Backlund,  and Hilbert
0773640|AS13-62-8921|||Vening Meinesz, Konstantinov, Van Gent, Papaleksi and Mandel'shtam at the terminator
0773644|AS13-60-8646|||Pasteur, Hilbert and Meitner
0773702|AS13-62-8922|||Mare Moscoviense, Komarov, Konstantinov, Van Gent, Papaleksi the terminator
0773710|AS13-62-8923|||Mare Moscoviense, Komarov, Konstantinov, Van Gent, Papaleksi and Mandel'shtam at the terminator
0773718|AS13-60-8647|||Mare Moscoviense, Komarov, Nagaoka, Leonov, Konstantinov, Kohlschutter & Van Gent
0773722|AS13-60-8648|||Mare Moscoviense, Titov, Tereshkova, Shatalov, Belyaev, Komarov, Leonov
0773732|AS13-60-8649|||Van Gent, Papaleksi, Mandel'shtam, Henderson, Mills and Kohlschutter
0773744|AS13-60-8650|||Mare Moscoviense, Komarov, Leonov, Van Gent, Tsu Chung-Chi
0773756|AS13-60-8651|||Mare Moscoviense, Leonov, Van Gent, Papaleksi
0773802|AS13-60-8652|||Mendeleev, Fischer, St.John, VanGent, Papaleksi, Mandel'shtam
0773906|AS13-60-8653|||Mare Moscoviense, Komarov, Tereshkova, Kurchatov
0773941|AS13-60-8654|||Chaplygin, Marconi, Pannekoek, Dellinger, Glazenap
0773951|AS13-61-8727|||CM visible with Mare Smythii and Mare Marginis through LM docking window
0773954|AS13-61-8728|||CM visible in foreground with Mare Smythii through LM docking window
0773959|AS13-61-8729|||CM visible in foreground with Mare Smythii through LM docking window
0774003|AS13-61-8730|||South east limb of the Moon, Hilbert, through the LM docking window
0774006|AS13-61-8731|||South east limb of the Moon, Hilbert, through the LM docking window
0774009|AS13-60-8655|||Vetchinkin, Meshcherskiy
0774011|AS13-61-8732|||South east limb of the Moon through the LM docking window
0774020|AS13-60-8656|||Vernadskiy, Florensky, Siedentopf
0774023|AS13-61-8733|||South east limb of the Moon through the LM docking window
0774031|AS13-61-8734|||South east limb of the Moon through the LM docking window
0774040|AS13-61-8735|||South east limb of the Moon through the LM docking window
0774101|AS13-60-8657|||Tesla, H.G.Wells, Kidinnu, Cantor
0774150|AS13-61-8736|||CM visible in foreground, Mare Smythii, through the LM docking window
0774154|AS13-61-8737|||CMvisible with Mare Smythii and Mare Marginis through LM docking window
0774208|AS13-61-8738|||CMvisible with Mare Smythii and Mare Marginis through LM docking window
0774226|AS13-61-8739|||CM visible in foreground, Mare Smythii, Mare Undarum and Mare Crisium through the LM docking window
0774239|AS13-61-8740|||CM visible in foreground, Mare Smythii, Mare Marginis, Mare Undarum through the LM docking window
0774252|AS13-61-8741|||Lunar disc looking East with Mare Smythii and Mare Undarum through the LM AOT. The CSM EVA floodlight is visible
0774303|AS13-61-8742|||Lunar disc looking East with Mare Smythii and Mare Undarum through the LM AOT. The CSM EVA floodlight is visible
0774309|AS13-61-8743|||Lunar disc looking East with Mare Smythii and Mare Undarum through the LM AOT. The CSM EVA floodlight is visible
0774313|AS13-61-8744|||Lunar disc looking East with Mare Smythii and Mare Undarum through the LM AOT. The CSM EVA floodlight is visible
0774320|AS13-61-8745|||Lunar disc looking East with Mare Smythii and Mare Undarum through the LM AOT. The CSM EVA floodlight is visible
0774356|AS13-61-8746|||CM visible in foreground, Mare Smythii, Mare Marginis, Mare Undarum through the LM docking window
0774359|AS13-60-8658|||Tsiolkovsky, Danjon, D'Arsonval, Shirakatsi, Dobrovol'skiy
0774401|AS13-61-8747|||Lunar disc looking East with Mare Smythii, Mare Undarum, Mare Australe and Neper, through the LM docking window
0774406|AS13-60-8659|||Tsiolkovsky, Danjon, D'Arsonval, Shirakatsi, Dobrovol'skiy, Jules Verne
0774427|AS13-60-8660|||Chaplygin, Marconi, Pannekoek, Dellinger, Glazenap, Keeler
0774440|AS13-60-8661|||Hoffmiester, Vetchinkin, Green
0774444|AS13-60-8662|||Mendeleev, Hartmann, Green, Gregory, Catena Gregory
0774448|AS13-60-8663|||King, Ibn Firnas, Ostwald, Meshcherskiy, Kostinskiy
0774453|AS13-60-8664|||King, Ibn Firnas, Ostwald, Meshcherskiy, Kostinskiy
0774457|AS13-60-8665|||King, Ibn Firnas, Ostwald, Meshcherskiy, Kostinskiy, Vivani
0774501|AS13-60-8666|||Campbell, Weiner, Kurchatov, Bridgman, Becquerel
0774505|AS13-60-8667|||Mendeleev, Hoffmiester, Tsu Chung-Chi, Leonov
0774508|AS13-60-8668|||King, Ibn, Firnas, Gregory, Green
0774519|AS13-60-8669|||High Oblique across Mare Australe
0780540|AS13-61-8748|||Mare Crisium, Mare Fecunditatis, Mare Marginis and Mare Smythii
0780542|AS13-61-8749|||Mare Crisium, Mare Fecunditatis, Mare Marginis and Mare Smythii, and Tsiolkovsky
0780550|AS13-61-8750|||Mare Crisium, Mare Fecunditatis, Mare Marginis and Mare Smythii, and Langrenus
0780556|AS13-61-8751|||Mare Crisium, Mare Fecunditatis, Mare Marginis and Mare Smythii, and Langrenus
0780600|AS13-61-8752|||Mare Crisium, Mare Fecunditatis, Mare Marginis and Mare Smythii, Mare Tranquillitatis
0780606|AS13-61-8753|||Mare Crisium, Mare Fecunditatis, Mare Marginis and Mare Smythii, Mare Tranquillitatis
0781253|AS13-61-8754|||Mare Crisium, Mare Fecunditatis, Mare Marginis and Mare Smythii, Mare Tranquillitatis, Mare Nectaris, and Tsiolkovsky
0781301|AS13-61-8755|||Mare Crisium, Mare Fecunditatis, Mare Marginis and Mare Smythii, Mare Tranquillitatis, Mare Nectaris
0781308|AS13-61-8756|||Mare Crisium, Mare Fecunditatis, Mare Marginis and Mare Smythii, Mare Tranquillitatis, Mare Nectaris
0781315|AS13-61-8757|||Mare Crisium, Mare Fecunditatis, Mare Marginis and Mare Smythii, Mare Tranquillitatis, Mare Nectaris
0781322|AS13-61-8758|||Mare Crisium, Mare Fecunditatis, Mare Marginis and Mare Smythii, Mare Tranquillitatis, Mare Nectaris, and Tsiolkovsky
0781330|AS13-61-8759|||Mare Crisium, Mare Fecunditatis, Mare Marginis and Mare Smythii, Mare Tranquillitatis, Mare Nectaris, and Tsiolkovsky
0781342|AS13-61-8760|||Mare Crisium, Mare Fecunditatis, Mare Marginis and Mare Smythii, Mare Tranquillitatis, Mare Nectaris, Mare Serenitatis, and Tsiolkovsky
0781351|AS13-61-8761|||Mare Crisium, Mare Fecunditatis, Mare Marginis and Mare Smythii, Mare Tranquillitatis, Mare Nectaris, Mare Serenitatis
0781359|AS13-61-8762|||Mare Crisium, Mare Fecunditatis, Mare Marginis and Mare Smythii, Mare Tranquillitatis, Mare Nectaris, Mare Serenitatis, and Tsiolkovsky
0781406|AS13-61-8763|||Mare Crisium, Mare Fecunditatis, Mare Smythii, Mare Marginis, Mare Humboldtanium, Tsiolkovsky
0781413|AS13-61-8764|||Mare Crisium, Mare Fecunditatis, Mare Marginis and Mare Smythii, Mare Tranquillitatis, Mare Nectaris, Mare Serenitatis, and Tsiolkovsky
0781420|AS13-61-8765|||Mare Crisium, Mare Fecunditatis, Mare Marginis and Mare Smythii, Mare Tranquillitatis, Mare Nectaris, Mare Serenitatis, and Mare Australe
0781428|AS13-61-8766|||Mare Crisium, Mare Fecunditatis, Mare Marginis and Mare Smythii, Mare Tranquillitatis, Mare Nectaris, Mare Serenitatis
0782152|AS13-61-8767|||Mare Crisium, Mare Fecunditatis, Mare Marginis and Mare Smythii, Mare Tranquillitatis, Mare Nectaris, Mare Serenitatis, and Tsiolkovsky
0782200|AS13-61-8768|||Mare Crisium, Mare Fecunditatis, Mare Marginis and Mare Smythii, Mare Tranquillitatis, Mare Nectaris, Mare Serenitatis
0782208|AS13-61-8769|||Mare Crisium, Mare Fecunditatis, Mare Marginis and Mare Smythii, Mare Tranquillitatis, Mare Nectaris, Mare Serenitatis
0782217|AS13-61-8770|||Mare Crisium, Mare Fecunditatis, Mare Marginis and Mare Smythii, Mare Tranquillitatis, Mare Nectaris, Mare Serenitatis
0782229|AS13-61-8771|||Mare Crisium, Mare Fecunditatis, Mare Marginis and Mare Smythii, Mare Tranquillitatis, Mare Nectaris, Mare Serenitatis, and Tsiolkovsky
0782242|AS13-61-8772|||Mare Crisium, Mare Fecunditatis, Mare Marginis and Mare Smythii, Mare Tranquillitatis, Mare Nectaris, Mare Serenitatis, and Mare Australe
0782254|AS13-61-8773|||Mare Crisium, Mare Fecunditatis, Mare Marginis and Mare Smythii, Mare Tranquillitatis, Mare Nectaris, Mare Serenitatis, and Mare Australe
0782310|AS13-61-8774|||Mare Crisium, Mare Fecunditatis, Mare Marginis and Mare Smythii, Mare Tranquillitatis, Mare Nectaris, Mare Serenitatis, and Tsiolkovsky
0782327|AS13-61-8775|||Mare Crisium, Mare Fecunditatis, Mare Marginis and Mare Smythii, Mare Tranquillitatis, Mare Nectaris, Mare Serenitatis
0782434|AS13-61-8776|||Mare Crisium, Mare Fecunditatis, Mare Marginis and Mare Smythii, Mare Tranquillitatis, Mare Nectaris, Mare Serenitatis
0782442|AS13-61-8777|||Mare Crisium, Mare Fecunditatis, Mare Marginis and Mare Smythii, Mare Tranquillitatis, Mare Nectaris, Mare Serenitatis
0782550|AS13-61-8778|||Mare Crisium, Mare Fecunditatis, Mare Marginis and Mare Smythii, Mare Tranquillitatis, Mare Nectaris, Mare Serenitatis
0782609|AS13-61-8779|||Mare Crisium, Mare Fecunditatis, Mare Marginis and Mare Smythii, Mare Tranquillitatis, Mare Nectaris, Mare Serenitatis
0782740|AS13-60-8670|||Mare Crisium, Mare Marginis, Joliot, Hubble, Goddard, Al-Biruni
0782801|AS13-60-8671|||Mare Crisium, Mare Marginis, Mare Smythii, Joliot, Hubble, Goddard, Al-Biruni, Plutarch, Neper
0782810|AS13-61-8779a|||Mare Crisium, Mare Fecunditatis, Mare Marginis and Mare Smythii, Mare Tranquillitatis, Mare Nectaris, Mare Serenitatis-underexposed
0782814|AS13-60-8672|||Mare Tranquillitatis, Serenitatis, Prolocus, Taruntius, Goclenius, Picard
0782825|AS13-61-8779b|||Mare Crisium, Mare Fecunditatis, Mare Marginis and Mare Smythii, Mare Tranquillitatis, Mare Nectaris, Mare Serenitatis-underexposed
0782841|AS13-61-8779c|||Mare Crisium, Mare Fecunditatis, Mare Marginis and Mare Smythii, Mare Tranquillitatis, Mare Nectaris, Mare Serenitatis-underexposed
0782848|AS13-60-8673|||Mare Crisium, Mare Tranquillitatis, Mare Serenitatis, Picard, Prolocus, Cleomedes
0782856|AS13-61-8779d|||Mare Crisium, Mare Fecunditatis, Mare Marginis and Mare Smythii, Mare Tranquillitatis, Mare Nectaris, Mare Serenitatis-underexposed
0782903|AS13-60-8674|||Mare Humboldtianum, Endymion, Lacus Spie, Atlas, Hercules, Lacus, Somniorum
0782911|AS13-61-8779e|||Mare Crisium, Mare Fecunditatis, Mare Marginis and Mare Smythii, Mare Tranquillitatis, Mare Nectaris, Mare Serenitatis-underexposed
0782927|AS13-61-8779f|||Mare Crisium, Mare Fecunditatis, Mare Marginis and Mare Smythii, Mare Tranquillitatis, Mare Nectaris, Mare Serenitatis-underexposed
0782946|AS13-60-8675|||Joliot, Lomonosov, Compton, Giordano Bruno, Hubble, Mare Marginis
0782950|AS13-61-8779g|||Mare Crisium, Mare Fecunditatis, Mare Marginis and Mare Smythii, Mare Tranquillitatis, Mare Nectaris, Mare Serenitatis-underexposed
0782956|AS13-60-8676|||Mare Smythii, Mare Marginis, Goddard, Lomonosov, Neper
0783005|AS13-60-8677|||Mare Smythii, Mare Marginis, Goddard, Lomonosov, Neper
0783012|AS13-60-8678|||Langrenus, Mare Fecunditatis, Mare Tranquillitatis, Mare Nectaris, Goclenius
0783015|AS13-61-8779h|||Mare Crisium, Mare Fecunditatis, Mare Marginis and Mare Smythii, Mare Tranquillitatis, Mare Nectaris, Mare Serenitatis-underexposed
0783020|AS13-60-8679|||Langrenus, Mare Nectaris, Mare Fecunditatis, Vallis Snellius
0783707|AS13-61-8780|||Eastern limb of the Moon
0783730|AS13-61-8781|||Eastern limb of the Moon
0783741|AS13-61-8782|||Eastern limb of the Moon
0783752|AS13-61-8783|||Eastern limb of the Moon
0783805|AS13-61-8784|||Eastern limb of the Moon
0783816|AS13-61-8785|||Eastern limb of the Moon
0783828|AS13-61-8786|||Eastern limb of the Moon
0783840|AS13-61-8787|||Eastern limb of the Moon
0783852|AS13-61-8788|||Eastern limb of the Moon
0783904|AS13-61-8789|||Eastern limb of the Moon
0783916|AS13-61-8790|||Eastern limb of the Moon
0783928|AS13-61-8791|||Eastern limb of the Moon
0783940|AS13-61-8792|||Eastern limb of the Moon
0783952|AS13-61-8793|||Eastern limb of the Moon
0784004|AS13-61-8794|||Eastern limb of the Moon
0784017|AS13-61-8795|||Eastern hemisphere of the Moon
0784028|AS13-61-8796|||Eastern hemisphere of the Moon
0784040|AS13-61-8797|||Eastern hemisphere of the Moon
0784052|AS13-61-8798|||Eastern hemisphere of the Moon
0784105|AS13-61-8799|||Eastern hemisphere of the Moon
0784117|AS13-61-8800|||Eastern hemisphere of the Moon
0784129|AS13-61-8801|||Eastern hemisphere of the Moon
0784142|AS13-61-8802|||Eastern hemisphere of the Moon
0784151|AS13-61-8803|||Eastern hemisphere of the Moon
0784203|AS13-61-8804|||Eastern hemisphere of the Moon
0784215|AS13-61-8805|||Eastern hemisphere of the Moon
0784227|AS13-61-8806|||Eastern hemisphere of the Moon
0784239|AS13-61-8807|||Eastern hemisphere of the Moon
0784251|AS13-61-8808|||Eastern hemisphere of the Moon
0784302|AS13-61-8809|||Eastern hemisphere of the Moon
0784317|AS13-61-8810|||Eastern hemisphere of the Moon
0784331|AS13-61-8811|||Eastern hemisphere of the Moon
0784342|AS13-61-8812|||Eastern hemisphere of the Moon
0784344|AS13-60-8680|||Mare Crisium, Mare Tranquillitatis, Mare Serenitatis, Prolocus, Taruntius, Lacus Somniorum
0784358|AS13-60-8681|||Tsiolkovsky, Sklodowska, Mare Australe
0784414|AS13-60-8682|||Giordano Bruno. Mare Crisium and Mare Humoldtianum, Joliot
0784728|AS13-60-8683|||Mare Crisium, Mare Tranquillitatis, Mare Fecunditatis, Mare Serenitatis, Langrenus
0784905|AS13-60-8684|||Mare Crisium, Mare Tranquillitatis, Mare Fecunditatis, Mare Serenitatis, Langrenus
0784913|AS13-60-8685|||Mare Crisium, Mare Marginius, Mare Fecunditatis, Mare Tranquillitatis, Mare Undarum, Proclus
0784931|AS13-60-8686|||Humboldt, Langrrenus, Mare Fecundatatis, Mare Nectaris and Mare Australe
0785026|AS13-60-8687|||Langrenus, Mare Fecunditatis, Mare Tranquillitatis, Mare Nectaris, Goclenius, Taruntius
0785105|AS13-60-8688|||Mare Australe, Humboldt, Mare Nectaris, Vallis Snellius
0785115|AS13-60-8689|||Mare Nectaris, Fracastorius
0785136|AS13-60-8690|||Mare Tranquillitatis, Dionysius
0785222|AS13-60-8691|||Mare Smythii, Mare Marginis, Mare Crisium, Goddard, Langrenus
0790002|AS13-60-8692|||Mare Serenitatis, Mare Humboldtianum, Joliot
0791216|AS13-61-8813|||Exhaust hose from ECS, mounted by the LMP LM window. Very under exposed
0791225|AS13-61-8813a|||Exhaust hose from ECS, mounted by the LMP LM window. Very under exposed
0791342|AS13-60-8693|||Mare Crisium, Mare Fecunditatis, Mare Tranquillitatis, Mare Serenitatis, Mare Vaporum
0791355|AS13-60-8694|||Mare Crisium, Mare Marginis, Mare Smythii, Giordano Bruno
0791418|AS13-60-8695|||Mare Nectaris, Fracastorius
0794840|AS13-60-8696|||Mare Crisium, Mare Fecunditatis, Mare Tranquillitatis, Mare Serenitatis, Mare Vaporum
0794854|AS13-60-8697|||Mare Crisium, Lacus Somniorum, Mare Huboldtianum, Mare Marginis, Joloit
0801808|AS13-60-8698|||Mare Australe, Mare Fecunditatis, Mare Crisium, Mare Smythii, Mare Marginis
0801820|AS13-60-8699|||Tsiolkovsky, Mare Marginis, Mare Smythii, Goddard
0802406|AS13-61-8814|||Moon
0802410|AS13-61-8815|||Moon
0802414|AS13-61-8816|||Moon
0802418|AS13-61-8817|||Moon
0802422|AS13-61-8818|||Moon
0802427|AS13-61-8819|||Moon
0802444|AS13-61-8819a|||LM interior, probably the CDR window. Very under exposed
0802510|AS13-61-8820|||Moon through LMP LM window
0802522|AS13-61-8821|||Triple Exposure of the Moon through the LMP LM window
0802526|AS13-61-8822|||Moon through LMP LM window
0802540|AS13-61-8823|||Moon through LMP LM window
0802551|AS13-61-8824|||Moon through LMP LM window
0802557|AS13-61-8825|||Moon through LMP LM window
0802812|AS13-61-8825a|||Underexposed photo of distant Earth
0802816|AS13-61-8825b|||Underexposed photo of distant Earth
0803402|AS13-61-8826|||Earth through CDR LM window
0803406|AS13-61-8827|||Earth through CDR LM window
0803410|AS13-61-8828|||Earth through CDR LM window
0803415|AS13-61-8829|||Earth through CDR LM window
0803419|AS13-61-8830|||Earth through CDR LM window
0803424|AS13-61-8831|||Earth through CDR LM window
0803428|AS13-61-8832|||Earth through CDR LM window
0803433|AS13-61-8833|||Earth through CDR LM window
0803438|AS13-61-8834|||Earth through CDR LM window
0803443|AS13-61-8835|||Earth through CDR LM window
0803449|AS13-61-8836|||Earth through CDR LM window
0803820|AS13-61-8837|||Moon
0803824|AS13-61-8838|||Moon
0803832|AS13-61-8839|||Moon
0803837|AS13-61-8840|||Moon
0803841|AS13-61-8841|||Moon
0804008|AS13-61-8842|||Earth
0804014|AS13-61-8843|||Earth
0804021|AS13-61-8844|||Earth
0804026|AS13-61-8845|||Earth
0804349|AS13-61-8846|||Sliver of Moon
0804357|AS13-61-8847|||Moon
0804406|AS13-61-8848|||Moon
0804414|AS13-61-8849|||Moon
0804422|AS13-61-8850|||Moon
0804431|AS13-61-8851|||Moon
0804440|AS13-61-8852|||Moon
0804448|AS13-61-8853|||Moon
0804455|AS13-61-8854|||Moon
0805458|AS13-60-8700|||Mare Australe, Mare Fecunditatis, Mare Crisium, Mare Smythii, Mare Marginis, Mare Nectaris
0805522|AS13-60-8701|||Mare Australe, Mare Fecunditatis, Mare Crisium, Mare Smythii, Mare Serenitatis, Mare Nectaris
0805546|AS13-60-8702|||Mare Australe, Mare Fecunditatis, Mare Nectaris, Mare Tranquillitatis, Langrenus
0805612|AS13-60-8703|||Mare Frigoris, Mare Serenitatis, Mare Tranquillitatis, Mare Crisium, Mare Nectaris, Mare Fecunditatis, through the LMP LM window
0805626|AS13-60-8704|||Mare Frigoris, Mare Serenitatis, Mare Tranquillitatis, Mare Crisium, Mare Nectaris, Mare Fecunditatis, through the LMP LM window
0805637|AS13-60-8705|||Mare Tranquillitatis, Mare Crisium, Mare Nectaris, Mare Fecunditatis, Mare Marginis, Mare Smythii, through the LMP LM window
0813140|AS13-60-8707|||Moon eastern hemisphere
0813200|AS13-60-8708|||Moon eastern hemisphere
0813220|AS13-60-8709|||Moon eastern hemisphere
0813239|AS13-60-8710|||Moon eastern hemisphere
0813300|AS13-60-8711|||Moon eastern hemisphere
0813318|AS13-60-8712|||Moon eastern hemisphere
0813323|AS13-61-8855|||Moon
0813332|AS13-61-8856|||Moon
0813340|AS13-61-8857|||Moon
0813342|AS13-60-8713|||Moon eastern hemisphere
0813354|AS13-61-8858|||Moon
0813404|AS13-60-8714|||Moon eastern hemisphere
0813414|AS13-61-8859|||Moon
0813418|AS13-60-8715|||Moon eastern hemisphere
0813438|AS13-61-8860|||Moon
0813455|AS13-61-8861|||Moon
0813722|AS13-61-8862|||Very under exposed photo of the LM docking window
0813736|AS13-61-8862a|||Very under exposed photo of the LM docking window
0813745|AS13-61-8862b|||Very under exposed photo of the LM docking window
0814220|AS13-61-8863|||Moon
0814526|AS13-61-8864|||Earth through LMP LM window
0814818|AS13-61-8865|||Moon-accidental exposure
0814829|AS13-61-8866|||Moon
0821321|AS13-61-8867|||Earth through LMP LM window
0823003|AS13-61-8868|||Moon through the CDR LM window
0823115|AS13-61-8869|||Moon through the CDR LM window
0825353|AS13-61-8870|||Moon through the CDR LM window
0825401|AS13-61-8871|||Moon through the CDR LM window
0825410|AS13-61-8872|||Moon through the CDR LM window
0825418|AS13-61-8873|||Moon through the CDR LM window
0833015|AS13-60-8716|||Earth with cloud cover Pacific Ocean
0833035|AS13-60-8717|||Earth with cloud cover Pacific Ocean
0833810|AS13-60-8718|||Moon eastern hemisphere
0833830|AS13-60-8719|||Moon eastern hemisphere
0901548|AS13-61-8874|||Moon through the CDR LM window
0901556|AS13-61-8875|||Moon through the CDR LM window
0913935|AS13-62-8924|||Moon
0913955|AS13-62-8925|||Moon
0914015|AS13-62-8926|||Moon
0914135|AS13-62-8927|||Moon
0914155|AS13-62-8928|||Moon
0941903|AS13-62-8929|||Interior of Spacecraft. Emergency rig lithium hydroxide unit
0941911|AS13-62-8930|||Interior of Spacecraft. Emergency rig lithium hydroxide unit
0944500|AS13-60-8720|||Earth, North Africa and the Atlantic Ocean
0945200|AS13-60-8721|||Earth, North Africa and the Atlantic Ocean
0945620|AS13-60-8722|||Moon eastern hemisphere
0945640|AS13-60-8723|||Moon eastern hemisphere
0945700|AS13-60-8724|||Moon eastern hemisphere
0955047|AS13-61-8876|||Assembled CO2 scrubber canister, mounted on the ECS in the LM
0955058|AS13-61-8877|||Assembled CO2 scrubber canister, mounted on the ECS in the LM
0955220|AS13-61-8878|||Assembled CO2 scrubber canister in the LM docking tunnel
0955232|AS13-61-8879|||Assembled CO2 scrubber canister in the LM docking tunnel
0955920|AS13-62-8931|||LM panels 1 & 2
0955930|AS13-62-8932|||LM panels 1 & 2
0960055|AS13-62-8933|||Moon
0960105|AS13-62-8934|||Moon
0962112|AS13-62-8935|||Interior of LM, showing lithium hydroxide canister rigged in the overhead hatch.
0962144|AS13-62-8936|||Lithium hydroxide canister by the ECS and overhead hatch cover in the LM
0962445|AS13-62-8937|||Moon
0962500|AS13-62-8938|||Moon
0962514|AS13-62-8939|||Moon
0962525|AS13-62-8940|||Moon
0971552|AS13-62-8941|||LM RCS Thruster
0971610|AS13-62-8942|||Possibly a shot trying to show later venting
0984121|AS13-62-8943|||Earth Caribbean Sea & North America
0984333|AS13-62-8944|||Fred Haise looking out of the CDR LM window
0984416|AS13-62-8945|||View of CM Main hatch seen from the LM docking window
0984428|AS13-62-8946|||View of CM Main hatch seen from the LM docking window
0984540|AS13-62-8947|||Earth Caribbean Sea & North America
0984621|AS13-62-8948|||Earth Caribbean Sea & North America
0984803|AS13-62-8949|||Earth Caribbean Sea & North America
0984926|AS13-62-8950|||Moon
0984950|AS13-62-8951|||Moon
0985017|AS13-62-8952|||Moon
0985041|AS13-62-8953|||Moon
0985206|AS13-62-8954|||Earth Caribbean Sea & North America through LMP LM window
0985221|AS13-62-8955|||Sun and CM seen through the LM docking window
0985239|AS13-62-8956|||Earth Caribbean Sea & North America
0985612|AS13-62-8957|||Earth Caribbean Sea & North America
0994615|AS13-60-8725|||Earth, North America
0994804|AS13-60-8726|||Earth, North America
1002731|AS13-62-8958|||CM from LM docking window
1002747|AS13-62-8959|||CM from LM docking window
1002816|AS13-62-8960|||CM, LM and Earth, North America and Pacific Ocean
1003621|AS13-62-8961|||CM, LM and Earth, North America and Pacific Ocean
1004655|AS13-62-8962|||Moon
1004715|AS13-62-8963|||Moon
1004735|AS13-62-8964|||Moon
1015738|AS13-62-8965|||Exterior of CM through the LM docking window.
1015825|AS13-62-8966|||Moon through the LM docking window also showing the CSM EVA light extended
1015850|AS13-62-8967|||Moon through the LM docking window also showing the CSM EVA light extended
1020825|AS13-62-8968|||Earth Pacific Ocean
1020845|AS13-62-8969|||Earth Pacific Ocean
1020906|AS13-62-8970|||Earth Pacific Ocean and CM exterior 
1020924|AS13-62-8971|||Earth Pacific Ocean and CM exterior 
1020947|AS13-62-8972|||Earth Pacific Ocean
1021014|AS13-62-8973|||View of CM with bright sun reflection through LM docking window
1021023|AS13-62-8974|||View of CM with bright sun reflection through LM docking window
1021118|AS13-62-8975|||Possibly LM window shade rolled up
1021331|AS13-62-8976|||CM main hatch through the LM docking window
1021836|AS13-62-8977|||Earth Pacific Ocean
1130409|AS13-62-8978|||Moon
1130812|AS13-62-8979|||Earth India, Indian Ocean
1130854|AS13-62-8980|||Earth India, Indian Ocean
1131009|AS13-62-8981|||Earth India, Indian Ocean
1131048|AS13-62-8982|||Earth India, Indian Ocean
1131206|AS13-62-8983|||Earth India, Indian Ocean
1131336|AS13-62-8984|||Earth India, Indian Ocean
1131513|AS13-62-8985|||Earth India, Indian Ocean
1131608|AS13-62-8986|||Moon
1131616|AS13-62-8987|||Moon
1131712|AS13-62-8988|||Lovell resting at his station in the LM
1131718|AS13-62-8989|||Lovell resting at his station in the LM
1131724|AS13-62-8990|||Lovell resting at his station in the LM
1131837|AS13-62-8991|||Moon
1131847|AS13-62-8992|||Moon
1132024|AS13-62-8993|||Earth, India, Indian Ocean, Asia and Saudi Arabia
1132448|AS13-62-8994|||Earth, India, Indian Ocean, Asia and Saudi Arabia
1132512|AS13-62-8995|||Earth, India, Indian Ocean, Asia and Saudi Arabia
1132550|AS13-62-8996|||Earth overexposed
1132640|AS13-62-8997|||Earth overexposed
1132704|AS13-62-8998|||Earth overexposed
1132736|AS13-62-8999|||Earth, India, Indian Ocean, Asia and Saudi Arabia
1132807|AS13-62-9000|||Distant Moon
1132818|AS13-62-9001|||Distant Moon
1132830|AS13-62-9002|||Distant Moon
1154200|AS13-62-9003|||Swigert & Lovell working on air lines in LM. Double LioH cannister by ECS
1154219|AS13-62-9004|||Swigert & Lovell working on air lines in LM. Double LioH cannister by ECS
1154320|AS13-62-9005|||Swigert & Lovell working on air lines in LM. Double LioH cannister by ECS
1184322|AS13-62-9006|||Distant Moon
1184346|AS13-62-9007|||Distant Moon
1184405|AS13-62-9008|||Distant Moon
1184424|AS13-62-9009|||Distant Moon
1184442|AS13-62-9010|||Distant Moon
1184712|AS13-62-9011|||Earth, Western Africa
1185002|AS13-62-9012|||Earth, Western Africa
1185208|AS13-62-9013|||Earth, Western Africa
1185424|AS13-62-9014|||Earth, Western Africa
1190520|AS13-62-9015|||Distant Moon
1190538|AS13-62-9016|||Distant Moon
1190601|AS13-62-9017|||Distant Moon
1190848|AS13-62-9018|||Earth, Western Africa
1191050|AS13-62-9019|||Earth, Western Africa
1191246|AS13-62-9020|||Earth, Western Africa
1191702|AS13-62-9021|||Distant Moon
1191726|AS13-62-9022|||Distant Moon
1191755|AS13-62-9023|||Distant Moon
1192205|AS13-62-9024|||Earth, Eastern Atlantic Ocean
1192336|AS13-62-9025|||Earth, Eastern Atlantic Ocean
1192412|AS13-62-9026|||Earth, Eastern Atlantic Ocean
1192626|AS13-62-9027|||Earth, Eastern Atlantic Ocean
1193117|AS13-62-9028|||Earth, Eastern Atlantic Ocean
1195702|AS13-62-9029|||CM through the LM docking window
1195718|AS13-62-9030|||CM through the LM docking window
1195740|AS13-62-9031|||CM through the LM docking window
1195812|AS13-62-9032|||CM through the LM docking window
1200014|AS13-62-9033|||Earth, Atlantic Ocean
1200820|AS13-62-9034|||Earth, Atlantic Ocean
1200909|AS13-62-9035|||Very distant Moon
1201023|AS13-62-9036|||Earth, Atlantic Ocean
1201211|AS13-62-9037|||Earth, Atlantic Ocean
1202404|AS13-62-9038|||Earth, Atlantic Ocean
1202551|AS13-62-9039|||Blurred imagery of LM docking window frame
1344400|AS13-59-8482|||Haise in the LM Aquarius talking to Lovell
1344408|AS13-59-8483|||Haise in the LM Aquarius talking to Lovell
1344420|AS13-59-8484|||Lovell in the LM Aquarius
1344423|AS13-59-8485|||Lovell in the LM Aquarius
1344426|AS13-59-8486|||Lovell in the LM Aquarius
1344430|AS13-59-8487|||Lovell in the LM Aquarius
1344433|AS13-59-8488|||Lovell in the LM Aquarius
1344436|AS13-59-8489|||Lovell in the LM Aquarius
1344440|AS13-59-8490|||Lovell in the LM Aquarius
1354507|AS13-59-8491|||Lovell in the LM Aquarius
1361956|AS13-59-8492|||Earth , India, S E Asia, Indian Ocean
1362015|AS13-59-8493|||Earth , India, S E Asia, Indian Ocean
1362028|AS13-59-8494|||Earth , India, S E Asia, Indian Ocean
1362042|AS13-59-8495|||Earth , India, S E Asia, Indian Ocean
1362058|AS13-59-8496|||Earth , India, S E Asia, Indian Ocean
1362112|AS13-59-8497|||Earth , India, S E Asia, Indian Ocean
1362128|AS13-59-8498|||Earth , India, S E Asia, Indian Ocean
1362140|AS13-59-8499|||Earth , India, S E Asia, Indian Ocean
1380413|AS13-58-8456|||SM following jettison taken by CMP through left hand LM window
1380415|AS13-58-8457|||SM following jettison taken by CMP through left hand LM window
1380428|AS13-58-8458|||SM following jettison taken by CMP through left hand LM window
1380431|AS13-58-8459|||SM following jettison taken by CMP through left hand LM window
1380433|AS13-58-8460|||SM following jettison taken by CMP through left hand LM window
1380436|AS13-59-8500|||Service Module, with Moon in distant background
1380441|AS13-58-8461|||SM following jettison taken by CMP through left hand LM window
1380442|AS13-59-8501|||Service Module, with Moon in distant background
1380446|AS13-58-8462|||SM following jettison taken by CMP through left hand LM window
1380447|AS13-59-8502|||Edge of Command Module taken by the CDR through the LM docking window whilst the LM pitch up was being initiated
1380452|AS13-59-8503|||Edge of Command Module taken by the CDR through the LM docking window whilst the LM pitch up was being initiated
1380453|AS13-58-8463|||SM following jettison taken by CMP through left hand LM window
1380457|AS13-59-8504|||Edge of Command Module taken by the CDR through the LM docking window whilst the LM pitch up was being initiated
1380501|AS13-59-8505|||Edge of Command Module with Moon in background taken by the CDR through the LM docking window whilst the LM pitch up was being initiated
1380502|AS13-58-8464|||SM following jettison taken by CMP through left hand LM window
1380505|AS13-59-8506|||Edge of Command Module with Moon in background taken by the CDR through the LM docking window whilst the LM pitch up was being initiated
1380509|AS13-59-8507|||Edge of Command Module with Moon in background taken by the CDR through the LM docking window whilst the LM pitch up was being initiated
1380513|AS13-59-8508|||Edge of Command Module with small Lunar Disc and SM on extreme left of frame, taken by CDR through the LM docking window as pich up continues
1380514|AS13-58-8465|||SM following jettison taken by CMP through left hand LM window
1380516|AS13-58-8466|||SM following jettison taken by CMP through left hand LM window
1380523|AS13-59-8509|||Edge of Command Module with small Lunar Disc and SM on extreme left of frame, taken by CDR through the LM docking window as pich up continues
1380525|AS13-59-8510|||Edge of Command Module with small Lunar Disc and SM on extreme left of frame, taken by CDR through the LM docking window as pich up continues
1380526|AS13-58-8467|||SM following jettison taken by CMP through left hand LM window
1380527|AS13-58-8468|||SM following jettison taken by CMP through left hand LM window
1380529|AS13-58-8469|||SM following jettison taken by CMP through left hand LM window
1380533|AS13-59-8511|||Edge of Command Module with small Lunar Disc and SM on extreme left of frame, taken by CDR through the LM docking window as pich up continues
1380535|AS13-58-8470|||SM following jettison taken by CMP through left hand LM window
1380536|AS13-59-8512|||Edge of Command Module with small Lunar Disc and SM on extreme left of frame, taken by CDR through the LM docking window as pich up continues
1380538|AS13-59-8513|||Edge of Command Module with small Lunar Disc and SM on extreme left of frame, taken by CDR through the LM docking window as pich up continues
1380539|AS13-58-8471|||SM following jettison taken by CMP through left hand LM window
1380540|AS13-59-8514|||Edge of Command Module with small Lunar Disc and SM on extreme left of frame, taken by CDR through the LM docking window as pich up continues
1380542|AS13-59-8515|||Edge of Command Module with small Lunar Disc and SM on extreme left of frame, taken by CDR through the LM docking window as pich up continues
1380546|AS13-59-8516|||Edge of Command Module with small Lunar Disc and SM on extreme left of frame, taken by CDR through the LM docking window as pich up continues
1380547|AS13-58-8472|||SM following jettison taken by CMP through left hand LM window
1380548|AS13-58-8473|||SM following jettison taken by CMP through left hand LM window
1380549|AS13-58-8474|||SM following jettison taken by CMP through left hand LM window
1380550|AS13-58-8475|||SM following jettison taken by CMP through left hand LM window
1380551|AS13-58-8476|||SM following jettison taken by CMP through left hand LM window
1380553|AS13-58-8477|||SM following jettison taken by CMP through left hand LM window
1380554|AS13-58-8478|||SM following jettison taken by CMP through left hand LM window
1380555|AS13-58-8479|||SM following jettison taken by CMP through left hand LM window
1380556|AS13-58-8480|||SM following jettison taken by CMP through left hand LM window
1380558|AS13-58-8481|||SM following jettison taken by CMP through left hand LM window
1380641|AS13-59-8517|||Service Module and distant Moon taken by CDR through LM right window
1380643|AS13-59-8518|||Service Module and distant Moon taken by CDR through LM right window
1380647|AS13-59-8519|||Service Module and distant Moon taken by CDR through LM right window
1380649|AS13-59-8520|||Service Module and distant Moon taken by CDR through LM right window
1380652|AS13-59-8521|||Service Module and distant Moon taken by CDR through LM right window
1380656|AS13-59-8522|||Service Module and distant Moon taken by CDR through LM right window
1380659|AS13-59-8523|||Service Module and distant Moon taken by CDR through LM right window
1380702|AS13-59-8524|||Service Module and distant Moon taken by CDR through LM right window
1380750|AS13-59-8525|||Service Module and distant Moon taken by CDR through LM right window
1380753|AS13-59-8526|||SM following jettison and distant Moon taken by CDR through LM right window
1380755|AS13-59-8527|||SM following jettison and distant Moon taken by CDR through LM right window
1380806|AS13-59-8528|||SM following jettison and distant Moon taken by CDR through LM right window
1380809|AS13-59-8529|||SM following jettison and distant Moon taken by CDR through LM right window
1380812|AS13-59-8530|||SM following jettison and distant Moon taken by CDR through LM right window
1380845|AS13-59-8531|||SM following jettison and distant Moon taken by CDR through LM right window
1380847|AS13-59-8532|||SM following jettison and distant Moon taken by CDR through LM right window
1380850|AS13-59-8533|||SM following jettison and distant Moon taken by CDR through LM right window
1380857|AS13-59-8534|||SM following jettison and distant Moon taken by CDR through LM right window
1380904|AS13-59-8535|||SM following jettison and distant Moon taken by CDR through LM right window
1380910|AS13-59-8536|||SM following jettison and distant Moon taken by CDR through LM right window
1380916|AS13-59-8537|||SM following jettison and distant Moon taken by CDR through LM right window
1380922|AS13-59-8538|||SM following jettison and distant Moon taken by CDR through LM right window
1380932|AS13-59-8539|||SM following jettison and distant Moon taken by CDR through LM right window
1380940|AS13-59-8540|||SM following jettison and distant Moon taken by CDR through LM right window
1380948|AS13-59-8541|||SM following jettison and distant Moon taken by CDR through LM right window
1381009|AS13-59-8542|||SM following jettison and distant Moon taken by CDR through LM right window
1381012|AS13-59-8543|||SM following jettison and distant Moon taken by CDR through LM right window
1381017|AS13-59-8544|||SM following jettison and distant Moon taken by CDR through LM right window
1381022|AS13-59-8545|||SM following jettison and distant Moon taken by CDR through LM right window
1381030|AS13-59-8546|||SM following jettison and distant Moon taken by CDR through LM right window
1381034|AS13-59-8547|||SM following jettison and distant Moon taken by CDR through LM right window
1381038|AS13-59-8548|||SM following jettison and distant Moon taken by CDR through LM right window
1392002|AS13-63-9040|||Earth with reflections in the LM window
1392017|AS13-63-9041|||Earth with reflections in the LM window
1392033|AS13-63-9042|||Earth with reflections in the LM window
1392042|AS13-63-9043|||Earth with reflections in the LM window
1392051|AS13-63-9044|||Earth with reflections in the LM window
1392102|AS13-63-9045|||Earth with reflections in the LM window
1412944|AS13-59-8549|||LM from the CM just prior to jettison
1412949|AS13-59-8550|||LM from the CM just prior to jettison
1412955|AS13-59-8551|||LM from the CM just prior to jettison
1413000|AS13-59-8552|||LM from the CM just prior to jettison
1413001|AS13-59-8553|||LM from the CM just prior to jettison
1413002|AS13-59-8554|||LM from the CM just prior to jettison
1413004|AS13-59-8555|||LM from the CM just prior to jettison
1413005|AS13-59-8556|||LM from the CM just prior to jettison
1413006|AS13-59-8557|||LM from the CM just prior to jettison
1413007|AS13-59-8558|||Jettison of the LM from the CM
1413009|AS13-59-8559|||Jettison of the LM from the CM
1413012|AS13-59-8560|||Jettison of the LM from the CM
1413014|AS13-59-8561|||Jettison of the LM from the CM
1413015|AS13-59-8562|||Jettison of the LM from the CM
1413016|AS13-59-8563|||Jettison of the LM from the CM
1413021|AS13-59-8564|||Jettison of the LM from the CM
1413022|AS13-59-8565|||Jettison of the LM from the CM
1413022|AS13-59-8571|||Jettison of the LM from the CM
1413023|AS13-59-8566|||Jettison of the LM from the CM
1413023|AS13-59-8572|||Jettison of the LM from the CM
1413036|AS13-59-8567|||Jettison of the LM from the CM
1413036|AS13-59-8573|||Jettison of the LM from the CM
1413037|AS13-59-8568|||Jettison of the LM from the CM
1413037|AS13-59-8574|||LM falling behind after jettison
1413038|AS13-59-8569|||Jettison of the LM from the CM
1413038|AS13-59-8575|||LM falling behind after jettison
1413040|AS13-59-8570|||Jettison of the LM from the CM
1413040|AS13-59-8576|||LM falling behind after jettison
1425004|S70-35652||S70-35652.jpg|On the mains
1425443|Apollo13_splashdown.jpg||Apollo13_splashdown.jpg|Splashdown
1425446|KSC-70PC-121||KSC-70PC-121.jpg|Splashdown
1425452|S70-35644||S70-35644.jpg|Recovery
1432351|S70-15523||S70-15523.jpg|Recovery
1432459|S70-35631|ap13-S70-35631.jpg||Recovery
1432515|S70-35651||S70-35651.jpg|Recovery
1432749|S70-35645||S70-35645.jpg|Recovery
1432751|KSC-70PC-256|ap13-KSC-70PC-256.jpg||Jack Swigert is raised to the recovery helicopter after splashdown.
1433943|S70-35144||S70-35144.jpg|Thumbs up from Gerry Griffin
1434146|KSC-70PC-0130|ap13-KSC-70PC-0130.jpg||Fred Haise (left), Jim Lovell, and Jack Swigert emerge from the recovery helicopter on-board the aircraft carrier Iwo Jima.
1434208|S70-35145|ap13-S70-35145HR.jpg||Mission Control in Houston celebrates the safe return of the Apollo 13 crew. Gene Kranz is smoking a celebratory cigar at the right while Deke Slayton, in front of the mission patch, shakes hands.
1434245|S70-35603||S70-35603.jpg|Recovery prayer
1434329|S70-35606|ap13-S70-35606HR.jpg||Rear Admiral Donald C. Davis (USN), Recovery Task Force Commander, welcomes Fred Haise (left), Jack Swigert, and Jim Lovell aboard the U.S. Iwo Jima after their safe return to Earth.
1434332|S70-35629||S70-35629.jpg|
1435259|S70-15653|ap13-S70-15653.jpg||Navy divers pose with the Command Module before it is hoisted aboard the Iwo Jima.
1435309|S70-15841|ap13-S70-15841.jpg||Navy divers pose with the Command Module before it is hoisted aboard the Iwo Jima.
1435315|S70-16000|ap13-S70-16000.jpg||Navy divers prepare the Command Module for hoisting. 
1435432|S70-35632|ap13-S70-35632.jpg||The Apollo 13 Command Module being hosted aboard the Iwo Jima. 17 April 1970.
1435631|S70-15531|ap13-S70-15531.jpg||The Apollo 13 Command Module after being hosted aboard the Iwo Jima.
1435734|S70-15520|ap13-S70-15520.jpg||Jim Lovell (left), Fred Haise, and Jack Swigert receive a phone call on board the Iwo Jima. The fact that it is a group call and that a photo was taken suggest that the call is from President Nixon.
1440000|S70-15501|ap13-S70-15501.jpg||Jim Lovell reads a newspaper account of the Apollo 13 recovery.
1444328|S70-15511|ap13-S70-15511.jpg||U. S. President Richard Nixon (right) welcomes the Apollo 13 crew safely home. Jack Swigert is at the left, then Fred Haise, and Jim Lovell. 18 April 1970.
1444802|S70-15526|ap13-S70-15526.jpg||Fred Haise (left), Jim Lovell, President Nixon, and Jack Swigert at Hickham Air Force Base, Hawaii. 18 April 1970.
1461238|S70-35562||S70-35562.jpg|Presidential Medal of Freedom article bestowed upon all of Mission Control.
