f-vhmXrPX4E|stZp5YeHwmg|-24:00:00|-16:00:00
M7uPIKa0Dbw|5mhjIZa8GPw|-16:00:00|-08:00:00
wadjkQPaA4A|c8rUpw0H4a4|-08:00:00|-01:00:00
uhwGD0ADSKI|97nkE51atWU|-01:00:00|001:00:00
wi0VEVgooyc|Mawbfv6e2Lg|001:00:00|008:00:00
umFcTnwolLE|BS6H9cywUS8|008:00:00|016:00:00
Nss8_bWeops|yHi8HFYM4mc|016:00:00|024:00:00
qtHVh8GcX-M|IQrG1IMc42I|024:00:00|032:00:00
lAGCveVU4to|jUefmFcISH4|032:00:00|040:00:00
IBpptow20jQ|R9SvpCDTroc|040:00:00|048:00:00
9s9y2M2GwiQ|0EO4smn5hdQ|048:00:00|056:00:00
MViDesYnnbw|i_IFFqN5HnI|056:00:00|064:00:00
op9hHAkqwC8|6nGV4Y4YMTE|064:00:00|072:00:00
AmWI3yWp5nY|t8kg8kQ_lQQ|072:00:00|080:00:00
w_s9kk5YLjg|w_s9kk5YLjg|080:00:00|088:00:00
3JvQTZBER0w|syk6PqjFEXs|088:00:00|096:00:00
K53JtVUNEq0|eltMCCleC0k|096:00:00|104:00:00
CCUrE14ddeA|CCUrE14ddeA|104:00:00|112:00:00
3WbPez-VRSM|-JWgt2qRuLI|112:00:00|120:00:00
b6N8Vl8zEns|UGgdcA516hQ|120:00:00|128:00:00
0zryDA5sy-0|226lDgFuq1w|128:00:00|136:00:00
-2d34M_8eLs|eQGvOXCM4Ec|136:00:00|144:00:00
v2mdD22oDNY|TaGvYloS3XU|144:00:00|152:00:00
57vnOA5GlYY|NVF5kQo_arM|152:00:00|160:00:00
NcSWrevBj7I|b_XjY7-TF7c|160:00:00|168:00:00
WfIHd7YciHo|qprei4QYOLY|168:00:00|176:00:00
zY0dzF3dlG4|ZpCOIXPvQjo|176:00:00|184:00:00
mF32x492LMc|t-FD3wsTRqU|184:00:00|192:00:00
_bjN2fjSBn8|_WgujDitvLI|192:00:00|200:00:00