skip|LPI filename|ALSJ filename|media.apolloinrealtime.org filename|Description|Source||
skip|69-HC-1268||||NASA||
-35:10:08|69-HC-1269|ap13-69-HC-1269HR.jpg||On the pad waiting for fuelling|NASA||
-03:49:57|70-HC-289|ap13-70-HC-289.jpg||On the pad, fueled and venting|NASA||
-23:05:00|70-HC-291|ap13-70-HC-291HR.jpg||Nighttime view of Apollo 13 Saturn V on pad|NASA||
-10:10:08|70-HC-351|ap13-70-HC-351HR.jpg||On the pad waiting for fuelling|NASA||
skip|70-HC-537|||The Apollo 13 stack from the Mobile Service Structure|NASA||
skip|70-HC-482|ap13-70-HC-482HR.jpg||Navy helicopters lowers net to pick up rescue swimmers of U.S. Navy Underwater Demolition team.|NASA||
skip|70-H-652|ap13-70-H-652HR.jpg||Navy helicopters lowers net to pick up rescue swimmers of U.S. Navy Underwater Demolition team.|NASA||
138:06:56|AS13-58-8456|||SM following jettison taken by CMP through left hand LM window|NASA||
138:06:58|AS13-58-8457|||SM following jettison taken by CMP through left hand LM window|NASA||
138:07:11|AS13-58-8458|||SM following jettison taken by CMP through left hand LM window|NASA||
138:07:15|AS13-58-8459|||SM following jettison taken by CMP through left hand LM window|NASA||
138:07:27|AS13-58-8460|||SM following jettison taken by CMP through left hand LM window|NASA||
138:07:36|AS13-58-8461|||SM following jettison taken by CMP through left hand LM window|NASA||
138:07:40|AS13-58-8462|||SM following jettison taken by CMP through left hand LM window|NASA||
138:07:43|AS13-58-8463|||SM following jettison taken by CMP through left hand LM window|NASA||
138:07:50|AS13-58-8464|||SM following jettison taken by CMP through left hand LM window|NASA||
138:07:54|AS13-58-8465|||SM following jettison taken by CMP through left hand LM window|NASA||
138:07:58|AS13-58-8466|||SM following jettison taken by CMP through left hand LM window|NASA||
138:08:04|AS13-58-8467|||SM following jettison taken by CMP through left hand LM window|NASA||
138:08:05|AS13-58-8468|||SM following jettison taken by CMP through left hand LM window|NASA||
138:08:07|AS13-58-8469|||SM following jettison taken by CMP through left hand LM window|NASA||
138:08:11|AS13-58-8470|||SM following jettison taken by CMP through left hand LM window|NASA||
138:08:15|AS13-58-8471|||SM following jettison taken by CMP through left hand LM window|NASA||
138:08:20|AS13-58-8472|||SM following jettison taken by CMP through left hand LM window|NASA||
138:08:22|AS13-58-8473|||SM following jettison taken by CMP through left hand LM window|NASA||
138:08:25|AS13-58-8474|||SM following jettison taken by CMP through left hand LM window|NASA||
138:08:28|AS13-58-8475|||SM following jettison taken by CMP through left hand LM window|NASA||
138:08:30|AS13-58-8476|||SM following jettison taken by CMP through left hand LM window|NASA||
138:08:31|AS13-58-8477|||SM following jettison taken by CMP through left hand LM window|NASA||
138:08:34|AS13-58-8478|||SM following jettison taken by CMP through left hand LM window|NASA||
138:08:36|AS13-58-8479|||SM following jettison taken by CMP through left hand LM window|NASA||
138:08:37|AS13-58-8480|||SM following jettison taken by CMP through left hand LM window|NASA||
138:08:39|AS13-58-8481|||SM following jettison taken by CMP through left hand LM window|NASA||
134:44:00|AS13-59-8482|||Haise in the LM Aquarius talking to Lovell|NASA||
134:44:08|AS13-59-8483|||Haise in the LM Aquarius talking to Lovell|NASA||
134:44:20|AS13-59-8484|||Lovell in the LM Aquarius|NASA||
134:44:23|AS13-59-8485|||Lovell in the LM Aquarius|NASA||
134:44:26|AS13-59-8486|||Lovell in the LM Aquarius|NASA||
134:44:30|AS13-59-8487|||Lovell in the LM Aquarius|NASA||
134:44:33|AS13-59-8488|||Lovell in the LM Aquarius|NASA||
134:44:36|AS13-59-8489|||Lovell in the LM Aquarius|NASA||
134:44:40|AS13-59-8490|||Lovell in the LM Aquarius|NASA||
135:45:07|AS13-59-8491|||Lovell in the LM Aquarius|NASA||
136:17:56|AS13-59-8492|||Earth , India, S E Asia, Indian Ocean|NASA||
136:18:15|AS13-59-8493|||Earth , India, S E Asia, Indian Ocean|NASA||
136:18:28|AS13-59-8494|||Earth , India, S E Asia, Indian Ocean|NASA||
136:18:42|AS13-59-8495|||Earth , India, S E Asia, Indian Ocean|NASA||
136:18:58|AS13-59-8496|||Earth , India, S E Asia, Indian Ocean|NASA||
136:19:12|AS13-59-8497|||Earth , India, S E Asia, Indian Ocean|NASA||
136:19:28|AS13-59-8498|||Earth , India, S E Asia, Indian Ocean|NASA||
136:19:40|AS13-59-8499|||Earth , India, S E Asia, Indian Ocean|NASA||
138:04:44|AS13-59-8500|||Service Module, with Moon in distant background|NASA||
138:04:47|AS13-59-8501|||Service Module, with Moon in distant background|NASA||
138:04:52|AS13-59-8502|||Edge of Command Module taken by the CDR through the LM docking window whilst the LM pitch up was being initiated|NASA||
138:04:54|AS13-59-8503|||Edge of Command Module taken by the CDR through the LM docking window whilst the LM pitch up was being initiated|NASA||
138:04:58|AS13-59-8504|||Edge of Command Module taken by the CDR through the LM docking window whilst the LM pitch up was being initiated|NASA||
138:04:59|AS13-59-8505|||Edge of Command Module with Moon in background taken by the CDR through the LM docking window whilst the LM pitch up was being initiated|NASA||
138:05:01|AS13-59-8506|||Edge of Command Module with Moon in background taken by the CDR through the LM docking window whilst the LM pitch up was being initiated|NASA||
138:05:03|AS13-59-8507|||Edge of Command Module with Moon in background taken by the CDR through the LM docking window whilst the LM pitch up was being initiated|NASA||
138:05:05|AS13-59-8508|||Edge of Command Module with small Lunar Disc and SM on extreme left of frame, taken by CDR through the LM docking window as pich up continues|NASA||
138:05:12|AS13-59-8509|||Edge of Command Module with small Lunar Disc and SM on extreme left of frame, taken by CDR through the LM docking window as pich up continues|NASA||
138:05:14|AS13-59-8510|||Edge of Command Module with small Lunar Disc and SM on extreme left of frame, taken by CDR through the LM docking window as pich up continues|NASA||
138:05:21|AS13-59-8511|||Edge of Command Module with small Lunar Disc and SM on extreme left of frame, taken by CDR through the LM docking window as pich up continues|NASA||
138:05:23|AS13-59-8512|||Edge of Command Module with small Lunar Disc and SM on extreme left of frame, taken by CDR through the LM docking window as pich up continues|NASA||
138:05:28|AS13-59-8513|||Edge of Command Module with small Lunar Disc and SM on extreme left of frame, taken by CDR through the LM docking window as pich up continues|NASA||
138:05:30|AS13-59-8514|||Edge of Command Module with small Lunar Disc and SM on extreme left of frame, taken by CDR through the LM docking window as pich up continues|NASA||
138:05:31|AS13-59-8515|||Edge of Command Module with small Lunar Disc and SM on extreme left of frame, taken by CDR through the LM docking window as pich up continues|NASA||
138:05:32|AS13-59-8516|||Edge of Command Module with small Lunar Disc and SM on extreme left of frame, taken by CDR through the LM docking window as pich up continues|NASA||
138:08:52|AS13-59-8517|||Service Module and distant Moon taken by CDR through LM right window|NASA||
138:08:54|AS13-59-8518|||Service Module and distant Moon taken by CDR through LM right window|NASA||
138:08:59|AS13-59-8519|||Service Module and distant Moon taken by CDR through LM right window|NASA||
138:09:01|AS13-59-8520|||Service Module and distant Moon taken by CDR through LM right window|NASA||
138:09:04|AS13-59-8521|||Service Module and distant Moon taken by CDR through LM right window|NASA||
138:09:08|AS13-59-8522|||Service Module and distant Moon taken by CDR through LM right window|NASA||
138:09:14|AS13-59-8523|||Service Module and distant Moon taken by CDR through LM right window|NASA||
138:09:19|AS13-59-8524|||Service Module and distant Moon taken by CDR through LM right window|NASA||
138:09:53|AS13-59-8525|||Service Module and distant Moon taken by CDR through LM right window|NASA||
138:09:56|AS13-59-8526|||SM following jettison and distant Moon taken by CDR through LM right window|NASA||
138:09:58|AS13-59-8527|||SM following jettison and distant Moon taken by CDR through LM right window|NASA||
138:10:09|AS13-59-8528|||SM following jettison and distant Moon taken by CDR through LM right window|NASA||
138:10:12|AS13-59-8529|||SM following jettison and distant Moon taken by CDR through LM right window|NASA||
138:10:16|AS13-59-8530|||SM following jettison and distant Moon taken by CDR through LM right window|NASA||
138:10:49|AS13-59-8531|||SM following jettison and distant Moon taken by CDR through LM right window|NASA||
138:10:51|AS13-59-8532|||SM following jettison and distant Moon taken by CDR through LM right window|NASA||
138:10:53|AS13-59-8533|||SM following jettison and distant Moon taken by CDR through LM right window|NASA||
138:10:57|AS13-59-8534|||SM following jettison and distant Moon taken by CDR through LM right window|NASA||
138:10:59|AS13-59-8535|||SM following jettison and distant Moon taken by CDR through LM right window|NASA||
138:11:05|AS13-59-8536|||SM following jettison and distant Moon taken by CDR through LM right window|NASA||
138:11:09|AS13-59-8537|||SM following jettison and distant Moon taken by CDR through LM right window|NASA||
138:11:11|AS13-59-8538|||SM following jettison and distant Moon taken by CDR through LM right window|NASA||
138:11:17|AS13-59-8539|||SM following jettison and distant Moon taken by CDR through LM right window|NASA||
138:11:19|AS13-59-8540|||SM following jettison and distant Moon taken by CDR through LM right window|NASA||
138:11:21|AS13-59-8541|||SM following jettison and distant Moon taken by CDR through LM right window|NASA||
138:11:37|AS13-59-8542|||SM following jettison and distant Moon taken by CDR through LM right window|NASA||
138:11:41|AS13-59-8543|||SM following jettison and distant Moon taken by CDR through LM right window|NASA||
138:11:46|AS13-59-8544|||SM following jettison and distant Moon taken by CDR through LM right window|NASA||
138:11:50|AS13-59-8545|||SM following jettison and distant Moon taken by CDR through LM right window|NASA||
138:12:01|AS13-59-8546|||SM following jettison and distant Moon taken by CDR through LM right window|NASA||
138:12:03|AS13-59-8547|||SM following jettison and distant Moon taken by CDR through LM right window|NASA||
138:12:06|AS13-59-8548|||SM following jettison and distant Moon taken by CDR through LM right window|NASA||
141:29:44|AS13-59-8549|||LM from the CM just prior to jettison|NASA||
141:29:47|AS13-59-8550|||LM from the CM just prior to jettison|NASA||
141:29:49|AS13-59-8551|||LM from the CM just prior to jettison|NASA||
141:29:51|AS13-59-8552|||LM from the CM just prior to jettison|NASA||
141:29:53|AS13-59-8553|||LM from the CM just prior to jettison|NASA||
141:29:55|AS13-59-8554|||LM from the CM just prior to jettison|NASA||
141:29:56|AS13-59-8555|||LM from the CM just prior to jettison|NASA||
141:29:57|AS13-59-8556|||LM from the CM just prior to jettison|NASA||
141:29:59|AS13-59-8557|||LM from the CM just prior to jettison|NASA||
141:30:00|AS13-59-8558|||Jettison of the LM from the CM|NASA||
141:30:01|AS13-59-8559|||Jettison of the LM from the CM|NASA||
141:30:02|AS13-59-8560|||Jettison of the LM from the CM|NASA||
141:30:04|AS13-59-8561|||Jettison of the LM from the CM|NASA||
141:30:05|AS13-59-8562|||Jettison of the LM from the CM|NASA||
141:30:06|AS13-59-8563|||Jettison of the LM from the CM|NASA||
141:30:07|AS13-59-8564|||Jettison of the LM from the CM|NASA||
141:30:08|AS13-59-8565|||Jettison of the LM from the CM|NASA||
141:30:10|AS13-59-8566|||Jettison of the LM from the CM|NASA||
141:30:11|AS13-59-8567|||Jettison of the LM from the CM|NASA||
141:30:12|AS13-59-8568|||Jettison of the LM from the CM|NASA||
141:30:13|AS13-59-8569|||Jettison of the LM from the CM|NASA||
141:30:16|AS13-59-8570|||Jettison of the LM from the CM|NASA||
141:30:17|AS13-59-8571|||Jettison of the LM from the CM|NASA||
141:30:18|AS13-59-8572|||Jettison of the LM from the CM|NASA||
141:30:24|AS13-59-8573|||Jettison of the LM from the CM|NASA||
141:30:25|AS13-59-8574|||LM falling behind after jettison|NASA||
141:30:26|AS13-59-8575|||LM falling behind after jettison|NASA||
141:30:27|AS13-59-8576|||LM falling behind after jettison|NASA||
001:10:28|AS13-60-8577|||Cloud covered Pacific Ocean|NASA||
001:31:10|AS13-60-8578|||Baja California|NASA||
003:12:55|AS13-60-8579|||LM & S-IVB during Transposition and Docking|NASA||
003:13:10|AS13-60-8580|||LM & S-IVB during Transposition and Docking|NASA||
003:13:36|AS13-60-8581|||LM & S-IVB during Transposition and Docking|NASA||
004:10:12|AS13-60-8582|||S-IVB over the LM following separation|NASA||
004:10:55|AS13-60-8583|||S-IVB over the LM following separation|NASA||
004:11:15|AS13-60-8584|||S-IVB over the LM following separation|NASA||
004:12:10|AS13-60-8585|||S-IVB over the LM following separation|NASA||
004:12:31|AS13-60-8586|||S-IVB over the LM following separation|NASA||
004:15:51|AS13-60-8587|||S-IVB following separation|NASA||
004:21:41|AS13-60-8588|||North & central America and the Pacific Ocean|NASA||
004:39:06|AS13-60-8589|||Distant view of the S-IVB venting|NASA||
007:07:45|AS13-60-8590|||Earth  terminator off west coast of US storm cloud formation|NASA||
007:39:49|AS13-60-8591|||Earth, Pacific Ocean cold front seen in cloud formation|NASA||
008:42:09|AS13-60-8592|||Earth, Pacific Ocean cold front seen in cloud formation|NASA||
009:03:13|AS13-60-8593|||Earth, Pacific Ocean cold front seen in cloud formation|NASA||
009:26:36|AS13-60-8594|||Earth, Pacific Ocean cold front seen in cloud formation|NASA||
009:47:12|AS13-60-8595|||Earth, Pacific Ocean cold front seen in cloud formation. Mainland of Asia on Horizon. Yellow Sea, Korea, SE Asia|NASA||
010:08:40|AS13-60-8596|||Earth, Pacific Ocean cold front seen in cloud formation. Mainland of Asia on Horizon. Yellow Sea, Korea, SE Asia|NASA||
010:31:01|AS13-60-8597|||Earth, Pacific Ocean cold front seen in cloud formation. Mainland of Asia on Horizon. Yellow Sea, Korea, SE Asia|NASA||
010:53:01|AS13-60-8598|||Earth, Pacific Ocean cold front seen in cloud formation. Mainland of Asia on Horizon. Yellow Sea, Korea, SE Asia|NASA||
011:15:01|AS13-60-8599|||Earth, Pacific Ocean cold front seen in cloud formation. Mainland of Asia on Horizon. Yellow Sea, Korea, SE Asia|NASA||
011:37:20|AS13-60-8600|||Eastern Pacific Ocean, Australia, China Sea and Korea|NASA||
026:10:20|AS13-60-8601|||Distant view of Earth, North America, Caribbean Sea|NASA||
026:11:09|AS13-60-8602|||Distant view of Earth, North America, Caribbean Sea|NASA||
076:05:10|AS13-60-8603|||Attempted view of the nearside terminator and lunar limb. No detail.|NASA||
076:05:20|AS13-60-8604|||Very faint lunar limb and neraside terminator-Arzachel, Thebit and  Purbach|NASA||
076:05:40|AS13-60-8605|||Very faint lunar limb and nearside terminator-Arzachel, Thebit and  Purbach|NASA||
076:06:00|AS13-60-8606|||Very faint lunar limb and nearside terminator-Rupes Recta, Purbach, Arzachel and Alphonsus|NASA||
077:26:43|AS13-60-8607|||Chaplygin, Marconi|NASA||
077:26:56|AS13-60-8608|||Marconi, Vil'ev, Dellinger|NASA||
077:26:18|AS13-60-8609|||Dellinger, Chauvenet|NASA||
077:27:42|AS13-60-8610|||Chaplygin|NASA||
077:27:46|AS13-60-8611|||Chaplygin|NASA||
077:27:50|AS13-60-8612|||NE of Chaplygin, Schliemann T & W|NASA||
077:28:02|AS13-60-8613|||Chaplygin|NASA||
077:28:19|AS13-60-8614|||Chaplygin|NASA||
077:28:48|AS13-60-8615|||Chaplygin and Beijerinck|NASA||
077:29:14|AS13-60-8616|||Denning, Denning B, R & Y|NASA||
077:29:37|AS13-60-8617|||Chauvenet, Chauvenet C, D, I & J|NASA||
077:29:51|AS13-60-8618|||Perepelkin, Love G & H|NASA||
077:30:24|AS13-60-8619|||Tsiolkovskiy, Chauvenet & Chauvenet C|NASA||
077:30:28|AS13-60-8620|||Ten Bruggencate Y, Prager G, Pannekoek R & T|NASA||
077:30:35|AS13-60-8621|||Perepelkin, Shirakatsi, Dobrovol'skiy|NASA||
077:30:39|AS13-60-8622|||Shirakatsi, Dobrovol'skiy and Dobrovol'skiy R|NASA||
077:30:47|AS13-60-8623|||Love, Perepelkin, Shirakatsi|NASA||
077:30:51|AS13-60-8624|||Glazenap, Pannekoek T, Prager G|NASA||
077:30:55|AS13-60-8625|||Lunar Horizon looking south towards Tsiolkovsky, Patsaev, Volkov, Lander|NASA||
077:30:58|AS13-60-8626|||Lunar Horizon looking south towards Tsiolkovsky, Volkov and Dobrovol'skiy|NASA||
077:31:09|AS13-60-8627|||Pirquet, Levi-Civita S, Pavlov V|NASA||
077:31:13|AS13-60-8628|||Pirquet, Denning, Denning R & V|NASA||
077:31:19|AS13-60-8629|||Chauvenet, Chauvenet C and Pannekoek|NASA||
077:31:24|AS13-60-8630|||Pannekoek, Pannekoek R & T, Dellinger|NASA||
077:31:45|AS13-60-8631|||Lane, Ten Bruggencate, Prager G, Glazenap P|NASA||
077:31:51|AS13-60-8632|||Perpelkin, Love, Prager, Danjon, D'Arsonval|NASA||
077:32:13|AS13-60-8633|||Tsiolkovsky, Fermi and Dobrovol'skiy|NASA||
077:32:16|AS13-60-8634|||Tsiolkovsky, Fermi and Dobrovol'skiy|NASA||
077:32:31|AS13-60-8635|||Ventris and Keeler|NASA||
077:32:37|AS13-60-8636|||Schliemann, Ventris and Keeler|NASA||
077:33:43|AS13-60-8637|||Perpelkin, Dobrovol'skiy, Volkov, Tsiolkovskiy, Fermi|NASA||
077:33:47|AS13-60-8638|||Shirakatsi, Dobrovol'skiy, Tsiolkovskiy|NASA||
077:35:18|AS13-60-8639|||Meitner, Khvol'son, Pasteur|NASA||
077:35:31|AS13-60-8640|||Einthoven, Pasteur, and Saha J|NASA||
077:35:43|AS13-60-8641|||Einthoven, Pasteur, and Saha J|NASA||
077:35:55|AS13-60-8642|||Becvar, Becvar R & T, Necho and Vesalius H & J|NASA||
077:36:17|AS13-60-8643|||Milne, Scaliger, Alden, Iszak|NASA||
077:36:26|AS13-60-8644|||Pasteur and Hilbert|NASA||
077:36:35|AS13-60-8645|||Pasteur, Backlund,  and Hilbert|NASA||
077:36:44|AS13-60-8646|||Pasteur, Hilbert and Meitner|NASA||
077:37:18|AS13-60-8647|||Mare Moscoviense, Komarov, Nagaoka, Leonov, Konstantinov, Kohlschutter & Van Gent|NASA||
077:37:22|AS13-60-8648|||Mare Moscoviense, Titov, Tereshkova, Shatalov, Belyaev, Komarov, Leonov|NASA||
077:37:32|AS13-60-8649|||Van Gent, Papaleksi, Mandel'shtam, Henderson, Mills and Kohlschutter|NASA||
077:37:44|AS13-60-8650|||Mare Moscoviense, Komarov, Leonov, Van Gent, Tsu Chung-Chi|NASA||
077:37:56|AS13-60-8651|||Mare Moscoviense, Leonov, Van Gent, Papaleksi|NASA||
077:38:02|AS13-60-8652|||Mendeleev, Fischer, St.John, VanGent, Papaleksi, Mandel'shtam|NASA||
077:39:06|AS13-60-8653|||Mare Moscoviense, Komarov, Tereshkova, Kurchatov|NASA||
077:39:41|AS13-60-8654|||Chaplygin, Marconi, Pannekoek, Dellinger, Glazenap|NASA||
077:40:09|AS13-60-8655|||Vetchinkin, Meshcherskiy|NASA||
077:40:20|AS13-60-8656|||Vernadskiy, Florensky, Siedentopf|NASA||
077:41:01|AS13-60-8657|||Tesla, H.G.Wells, Kidinnu, Cantor|NASA||
077:43:59|AS13-60-8658|||Tsiolkovsky, Danjon, D'Arsonval, Shirakatsi, Dobrovol'skiy|NASA||
077:44:06|AS13-60-8659|||Tsiolkovsky, Danjon, D'Arsonval, Shirakatsi, Dobrovol'skiy, Jules Verne|NASA||
077:44:27|AS13-60-8660|||Chaplygin, Marconi, Pannekoek, Dellinger, Glazenap, Keeler|NASA||
077:44:40|AS13-60-8661|||Hoffmiester, Vetchinkin, Green|NASA||
077:44:44|AS13-60-8662|||Mendeleev, Hartmann, Green, Gregory, Catena Gregory|NASA||
077:44:48|AS13-60-8663|||King, Ibn Firnas, Ostwald, Meshcherskiy, Kostinskiy|NASA||
077:44:53|AS13-60-8664|||King, Ibn Firnas, Ostwald, Meshcherskiy, Kostinskiy|NASA||
077:44:57|AS13-60-8665|||King, Ibn Firnas, Ostwald, Meshcherskiy, Kostinskiy, Vivani|NASA||
077:45:01|AS13-60-8666|||Campbell, Weiner, Kurchatov, Bridgman, Becquerel|NASA||
077:45:05|AS13-60-8667|||Mendeleev, Hoffmiester, Tsu Chung-Chi, Leonov|NASA||
077:45:08|AS13-60-8668|||King, Ibn, Firnas, Gregory, Green|NASA||
077:45:19|AS13-60-8669|||High Oblique across Mare Australe|NASA||
078:27:40|AS13-60-8670|||Mare Crisium, Mare Marginis, Joliot, Hubble, Goddard, Al-Biruni|NASA||
078:28:01|AS13-60-8671|||Mare Crisium, Mare Marginis, Mare Smythii, Joliot, Hubble, Goddard, Al-Biruni, Plutarch, Neper|NASA||
078:28:14|AS13-60-8672|||Mare Tranquillitatis, Serenitatis, Prolocus, Taruntius, Goclenius, Picard|NASA||
078:28:48|AS13-60-8673|||Mare Crisium, Mare Tranquillitatis, Mare Serenitatis, Picard, Prolocus, Cleomedes|NASA||
078:29:03|AS13-60-8674|||Mare Humboldtianum, Endymion, Lacus Spie, Atlas, Hercules, Lacus, Somniorum|NASA||
078:29:46|AS13-60-8675|||Joliot, Lomonosov, Compton, Giordano Bruno, Hubble, Mare Marginis|NASA||
078:29:56|AS13-60-8676|||Mare Smythii, Mare Marginis, Goddard, Lomonosov, Neper|NASA||
078:30:05|AS13-60-8677|||Mare Smythii, Mare Marginis, Goddard, Lomonosov, Neper|NASA||
078:30:12|AS13-60-8678|||Langrenus, Mare Fecunditatis, Mare Tranquillitatis, Mare Nectaris, Goclenius|NASA||
078:30:20|AS13-60-8679|||Langrenus, Mare Nectaris, Mare Fecunditatis, Vallis Snellius|NASA||
078:43:44|AS13-60-8680|||Mare Crisium, Mare Tranquillitatis, Mare Serenitatis, Prolocus, Taruntius, Lacus Somniorum|NASA||
078:43:58|AS13-60-8681|||Tsiolkovsky, Sklodowska, Mare Australe|NASA||
078:44:14|AS13-60-8682|||Giordano Bruno. Mare Crisium and Mare Humoldtianum, Joliot|NASA||
078:47:28|AS13-60-8683|||Mare Crisium, Mare Tranquillitatis, Mare Fecunditatis, Mare Serenitatis, Langrenus|NASA||
078:49:05|AS13-60-8684|||Mare Crisium, Mare Tranquillitatis, Mare Fecunditatis, Mare Serenitatis, Langrenus|NASA||
078:49:13|AS13-60-8685|||Mare Crisium, Mare Marginius, Mare Fecunditatis, Mare Tranquillitatis, Mare Undarum, Proclus|NASA||
078:49:31|AS13-60-8686|||Humboldt, Langrrenus, Mare Fecundatatis, Mare Nectaris and Mare Australe|NASA||
078:50:26|AS13-60-8687|||Langrenus, Mare Fecunditatis, Mare Tranquillitatis, Mare Nectaris, Goclenius, Taruntius|NASA||
078:51:05|AS13-60-8688|||Mare Australe, Humboldt, Mare Nectaris, Vallis Snellius|NASA||
078:51:15|AS13-60-8689|||Mare Nectaris, Fracastorius|NASA||
078:51:36|AS13-60-8690|||Mare Tranquillitatis, Dionysius|NASA||
078:52:22|AS13-60-8691|||Mare Smythii, Mare Marginis, Mare Crisium, Goddard, Langrenus|NASA||
079:00:02|AS13-60-8692|||Mare Serenitatis, Mare Humboldtianum, Joliot|NASA||
079:13:42|AS13-60-8693|||Mare Crisium, Mare Fecunditatis, Mare Tranquillitatis, Mare Serenitatis, Mare Vaporum|NASA||
079:13:55|AS13-60-8694|||Mare Crisium, Mare Marginis, Mare Smythii, Giordano Bruno|NASA||
079:14:18|AS13-60-8695|||Mare Nectaris, Fracastorius|NASA||
079:48:40|AS13-60-8696|||Mare Crisium, Mare Fecunditatis, Mare Tranquillitatis, Mare Serenitatis, Mare Vaporum|NASA||
079:48:54|AS13-60-8697|||Mare Crisium, Lacus Somniorum, Mare Huboldtianum, Mare Marginis, Joloit|NASA||
080:18:08|AS13-60-8698|||Mare Australe, Mare Fecunditatis, Mare Crisium, Mare Smythii, Mare Marginis|NASA||
080:18:20|AS13-60-8699|||Tsiolkovsky, Mare Marginis, Mare Smythii, Goddard|NASA||
080:51:58|AS13-60-8700|||Mare Australe, Mare Fecunditatis, Mare Crisium, Mare Smythii, Mare Marginis, Mare Nectaris|NASA||
080:52:20|AS13-60-8701|||Mare Australe, Mare Fecunditatis, Mare Crisium, Mare Smythii, Mare Serenitatis, Mare Nectaris|NASA||
080:52:37|AS13-60-8702|||Mare Australe, Mare Fecunditatis, Mare Nectaris, Mare Tranquillitatis, Langrenus|NASA||
080:52:59|AS13-60-8703|||Mare Frigoris, Mare Serenitatis, Mare Tranquillitatis, Mare Crisium, Mare Nectaris, Mare Fecunditatis, through the LMP LM window|NASA||
080:53:22|AS13-60-8704|||Mare Frigoris, Mare Serenitatis, Mare Tranquillitatis, Mare Crisium, Mare Nectaris, Mare Fecunditatis, through the LMP LM window|NASA||
080:53:40|AS13-60-8705|||Mare Tranquillitatis, Mare Crisium, Mare Nectaris, Mare Fecunditatis, Mare Marginis, Mare Smythii, through the LMP LM window|NASA||
081:31:40|AS13-60-8707|||Moon eastern hemisphere|NASA||
081:32:00|AS13-60-8708|||Moon eastern hemisphere|NASA||
081:32:20|AS13-60-8709|||Moon eastern hemisphere|NASA||
081:32:39|AS13-60-8710|||Moon eastern hemisphere|NASA||
081:33:00|AS13-60-8711|||Moon eastern hemisphere|NASA||
081:33:18|AS13-60-8712|||Moon eastern hemisphere|NASA||
081:33:42|AS13-60-8713|||Moon eastern hemisphere|NASA||
081:34:04|AS13-60-8714|||Moon eastern hemisphere|NASA||
081:34:18|AS13-60-8715|||Moon eastern hemisphere|NASA||
087:47:15|AS13-60-8716|||Earth with cloud cover Pacific Ocean|NASA||
087:47:27|AS13-60-8717|||Earth with cloud cover Pacific Ocean|NASA||
083:31:10|AS13-60-8718|||Moon eastern hemisphere|NASA||
083:31:28|AS13-60-8719|||Moon eastern hemisphere|NASA||
100:47:16|AS13-60-8720|||Earth, North Africa and the Atlantic Ocean|NASA||
100:49:48|AS13-60-8721|||Earth, North Africa and the Atlantic Ocean|NASA||
094:56:20|AS13-60-8722|||Moon eastern hemisphere|NASA||
094:56:40|AS13-60-8723|||Moon eastern hemisphere|NASA||
094:57:00|AS13-60-8724|||Moon eastern hemisphere|NASA||
104:45:58|AS13-60-8725|||Earth, North America|NASA||
104:46:20|AS13-60-8726|||Earth, North America|NASA||
077:39:51|AS13-61-8727|||CM visible with Mare Smythii and Mare Marginis through LM docking window|NASA||
077:39:54|AS13-61-8728|||CM visible in foreground with Mare Smythii through LM docking window|NASA||
077:39:59|AS13-61-8729|||CM visible in foreground with Mare Smythii through LM docking window|NASA||
077:40:03|AS13-61-8730|||South east limb of the Moon, Hilbert, through the LM docking window|NASA||
077:40:06|AS13-61-8731|||South east limb of the Moon, Hilbert, through the LM docking window|NASA||
077:40:11|AS13-61-8732|||South east limb of the Moon through the LM docking window|NASA||
077:40:23|AS13-61-8733|||South east limb of the Moon through the LM docking window|NASA||
077:40:31|AS13-61-8734|||South east limb of the Moon through the LM docking window|NASA||
077:40:40|AS13-61-8735|||South east limb of the Moon through the LM docking window|NASA||
077:41:50|AS13-61-8736|||CM visible in foreground, Mare Smythii, through the LM docking window|NASA||
077:41:54|AS13-61-8737|||CMvisible with Mare Smythii and Mare Marginis through LM docking window|NASA||
077:42:08|AS13-61-8738|||CMvisible with Mare Smythii and Mare Marginis through LM docking window|NASA||
077:42:26|AS13-61-8739|||CM visible in foreground, Mare Smythii, Mare Undarum and Mare Crisium through the LM docking window|NASA||
077:42:39|AS13-61-8740|||CM visible in foreground, Mare Smythii, Mare Marginis, Mare Undarum through the LM docking window|NASA||
077:42:52|AS13-61-8741|||Lunar disc looking East with Mare Smythii and Mare Undarum through the LM AOT. The CSM EVA floodlight is visible|NASA||
077:43:03|AS13-61-8742|||Lunar disc looking East with Mare Smythii and Mare Undarum through the LM AOT. The CSM EVA floodlight is visible|NASA||
077:43:09|AS13-61-8743|||Lunar disc looking East with Mare Smythii and Mare Undarum through the LM AOT. The CSM EVA floodlight is visible|NASA||
077:43:13|AS13-61-8744|||Lunar disc looking East with Mare Smythii and Mare Undarum through the LM AOT. The CSM EVA floodlight is visible|NASA||
077:43:20|AS13-61-8745|||Lunar disc looking East with Mare Smythii and Mare Undarum through the LM AOT. The CSM EVA floodlight is visible|NASA||
077:43:56|AS13-61-8746|||CM visible in foreground, Mare Smythii, Mare Marginis, Mare Undarum through the LM docking window|NASA||
077:44:01|AS13-61-8747|||Lunar disc looking East with Mare Smythii, Mare Undarum, Mare Australe and Neper, through the LM docking window|NASA||
078:05:40|AS13-61-8748|||Mare Crisium, Mare Fecunditatis, Mare Marginis and Mare Smythii|NASA||
078:05:42|AS13-61-8749|||Mare Crisium, Mare Fecunditatis, Mare Marginis and Mare Smythii, and Tsiolkovsky|NASA||
078:05:50|AS13-61-8750|||Mare Crisium, Mare Fecunditatis, Mare Marginis and Mare Smythii, and Langrenus|NASA||
078:05:56|AS13-61-8751|||Mare Crisium, Mare Fecunditatis, Mare Marginis and Mare Smythii, and Langrenus|NASA||
078:06:00|AS13-61-8752|||Mare Crisium, Mare Fecunditatis, Mare Marginis and Mare Smythii, Mare Tranquillitatis|NASA||
078:06:06|AS13-61-8753|||Mare Crisium, Mare Fecunditatis, Mare Marginis and Mare Smythii, Mare Tranquillitatis|NASA||
078:12:53|AS13-61-8754|||Mare Crisium, Mare Fecunditatis, Mare Marginis and Mare Smythii, Mare Tranquillitatis, Mare Nectaris, and Tsiolkovsky|NASA||
078:13:01|AS13-61-8755|||Mare Crisium, Mare Fecunditatis, Mare Marginis and Mare Smythii, Mare Tranquillitatis, Mare Nectaris|NASA||
078:13:08|AS13-61-8756|||Mare Crisium, Mare Fecunditatis, Mare Marginis and Mare Smythii, Mare Tranquillitatis, Mare Nectaris|NASA||
078:13:15|AS13-61-8757|||Mare Crisium, Mare Fecunditatis, Mare Marginis and Mare Smythii, Mare Tranquillitatis, Mare Nectaris|NASA||
078:13:22|AS13-61-8758|||Mare Crisium, Mare Fecunditatis, Mare Marginis and Mare Smythii, Mare Tranquillitatis, Mare Nectaris, and Tsiolkovsky|NASA||
078:13:30|AS13-61-8759|||Mare Crisium, Mare Fecunditatis, Mare Marginis and Mare Smythii, Mare Tranquillitatis, Mare Nectaris, and Tsiolkovsky|NASA||
078:13:42|AS13-61-8760|||Mare Crisium, Mare Fecunditatis, Mare Marginis and Mare Smythii, Mare Tranquillitatis, Mare Nectaris, Mare Serenitatis, and Tsiolkovsky|NASA||
078:13:51|AS13-61-8761|||Mare Crisium, Mare Fecunditatis, Mare Marginis and Mare Smythii, Mare Tranquillitatis, Mare Nectaris, Mare Serenitatis|NASA||
078:13:59|AS13-61-8762|||Mare Crisium, Mare Fecunditatis, Mare Marginis and Mare Smythii, Mare Tranquillitatis, Mare Nectaris, Mare Serenitatis, and Tsiolkovsky|NASA||
078:14:06|AS13-61-8763|||Mare Crisium, Mare Fecunditatis, Mare Smythii, Mare Marginis, Mare Humboldtanium, Tsiolkovsky|NASA||
078:14:13|AS13-61-8764|||Mare Crisium, Mare Fecunditatis, Mare Marginis and Mare Smythii, Mare Tranquillitatis, Mare Nectaris, Mare Serenitatis, and Tsiolkovsky|NASA||
078:14:20|AS13-61-8765|||Mare Crisium, Mare Fecunditatis, Mare Marginis and Mare Smythii, Mare Tranquillitatis, Mare Nectaris, Mare Serenitatis, and Mare Australe|NASA||
078:14:28|AS13-61-8766|||Mare Crisium, Mare Fecunditatis, Mare Marginis and Mare Smythii, Mare Tranquillitatis, Mare Nectaris, Mare Serenitatis|NASA||
078:21:52|AS13-61-8767|||Mare Crisium, Mare Fecunditatis, Mare Marginis and Mare Smythii, Mare Tranquillitatis, Mare Nectaris, Mare Serenitatis, and Tsiolkovsky|NASA||
078:22:00|AS13-61-8768|||Mare Crisium, Mare Fecunditatis, Mare Marginis and Mare Smythii, Mare Tranquillitatis, Mare Nectaris, Mare Serenitatis|NASA||
078:22:08|AS13-61-8769|||Mare Crisium, Mare Fecunditatis, Mare Marginis and Mare Smythii, Mare Tranquillitatis, Mare Nectaris, Mare Serenitatis|NASA||
078:22:17|AS13-61-8770|||Mare Crisium, Mare Fecunditatis, Mare Marginis and Mare Smythii, Mare Tranquillitatis, Mare Nectaris, Mare Serenitatis|NASA||
078:22:29|AS13-61-8771|||Mare Crisium, Mare Fecunditatis, Mare Marginis and Mare Smythii, Mare Tranquillitatis, Mare Nectaris, Mare Serenitatis, and Tsiolkovsky|NASA||
078:22:42|AS13-61-8772|||Mare Crisium, Mare Fecunditatis, Mare Marginis and Mare Smythii, Mare Tranquillitatis, Mare Nectaris, Mare Serenitatis, and Mare Australe|NASA||
078:22:54|AS13-61-8773|||Mare Crisium, Mare Fecunditatis, Mare Marginis and Mare Smythii, Mare Tranquillitatis, Mare Nectaris, Mare Serenitatis, and Mare Australe|NASA||
078:23:10|AS13-61-8774|||Mare Crisium, Mare Fecunditatis, Mare Marginis and Mare Smythii, Mare Tranquillitatis, Mare Nectaris, Mare Serenitatis, and Tsiolkovsky|NASA||
078:23:27|AS13-61-8775|||Mare Crisium, Mare Fecunditatis, Mare Marginis and Mare Smythii, Mare Tranquillitatis, Mare Nectaris, Mare Serenitatis|NASA||
078:24:34|AS13-61-8776|||Mare Crisium, Mare Fecunditatis, Mare Marginis and Mare Smythii, Mare Tranquillitatis, Mare Nectaris, Mare Serenitatis|NASA||
078:24:42|AS13-61-8777|||Mare Crisium, Mare Fecunditatis, Mare Marginis and Mare Smythii, Mare Tranquillitatis, Mare Nectaris, Mare Serenitatis|NASA||
078:25:50|AS13-61-8778|||Mare Crisium, Mare Fecunditatis, Mare Marginis and Mare Smythii, Mare Tranquillitatis, Mare Nectaris, Mare Serenitatis|NASA||
078:26:09|AS13-61-8779|||Mare Crisium, Mare Fecunditatis, Mare Marginis and Mare Smythii, Mare Tranquillitatis, Mare Nectaris, Mare Serenitatis|NASA||
078:37:07|AS13-61-8779a|||Mare Crisium, Mare Fecunditatis, Mare Marginis and Mare Smythii, Mare Tranquillitatis, Mare Nectaris, Mare Serenitatis-underexposed|NASA||
078:37:30|AS13-61-8779b|||Mare Crisium, Mare Fecunditatis, Mare Marginis and Mare Smythii, Mare Tranquillitatis, Mare Nectaris, Mare Serenitatis-underexposed|NASA||
078:37:41|AS13-61-8779c|||Mare Crisium, Mare Fecunditatis, Mare Marginis and Mare Smythii, Mare Tranquillitatis, Mare Nectaris, Mare Serenitatis-underexposed|NASA||
078:37:52|AS13-61-8779d|||Mare Crisium, Mare Fecunditatis, Mare Marginis and Mare Smythii, Mare Tranquillitatis, Mare Nectaris, Mare Serenitatis-underexposed|NASA||
078:38:05|AS13-61-8779e|||Mare Crisium, Mare Fecunditatis, Mare Marginis and Mare Smythii, Mare Tranquillitatis, Mare Nectaris, Mare Serenitatis-underexposed|NASA||
078:38:16|AS13-61-8779f|||Mare Crisium, Mare Fecunditatis, Mare Marginis and Mare Smythii, Mare Tranquillitatis, Mare Nectaris, Mare Serenitatis-underexposed|NASA||
078:38:28|AS13-61-8779g|||Mare Crisium, Mare Fecunditatis, Mare Marginis and Mare Smythii, Mare Tranquillitatis, Mare Nectaris, Mare Serenitatis-underexposed|NASA||
078:38:40|AS13-61-8779h|||Mare Crisium, Mare Fecunditatis, Mare Marginis and Mare Smythii, Mare Tranquillitatis, Mare Nectaris, Mare Serenitatis-underexposed|NASA||
078:38:52|AS13-61-8780|||Eastern limb of the Moon|NASA||
078:39:04|AS13-61-8781|||Eastern limb of the Moon|NASA||
078:39:16|AS13-61-8782|||Eastern limb of the Moon|NASA||
078:39:28|AS13-61-8783|||Eastern limb of the Moon|NASA||
078:39:40|AS13-61-8784|||Eastern limb of the Moon|NASA||
078:39:52|AS13-61-8785|||Eastern limb of the Moon|NASA||
078:40:04|AS13-61-8786|||Eastern limb of the Moon|NASA||
078:40:17|AS13-61-8787|||Eastern limb of the Moon|NASA||
078:40:28|AS13-61-8788|||Eastern limb of the Moon|NASA||
078:40:40|AS13-61-8789|||Eastern limb of the Moon|NASA||
078:40:52|AS13-61-8790|||Eastern limb of the Moon|NASA||
078:41:05|AS13-61-8791|||Eastern limb of the Moon|NASA||
078:41:17|AS13-61-8792|||Eastern limb of the Moon|NASA||
078:41:29|AS13-61-8793|||Eastern limb of the Moon|NASA||
078:41:42|AS13-61-8794|||Eastern limb of the Moon|NASA||
078:41:51|AS13-61-8795|||Eastern hemisphere of the Moon|NASA||
078:42:03|AS13-61-8796|||Eastern hemisphere of the Moon|NASA||
078:42:15|AS13-61-8797|||Eastern hemisphere of the Moon|NASA||
078:42:27|AS13-61-8798|||Eastern hemisphere of the Moon|NASA||
078:42:39|AS13-61-8799|||Eastern hemisphere of the Moon|NASA||
078:42:51|AS13-61-8800|||Eastern hemisphere of the Moon|NASA||
078:43:02|AS13-61-8801|||Eastern hemisphere of the Moon|NASA||
078:43:17|AS13-61-8802|||Eastern hemisphere of the Moon|NASA||
078:43:31|AS13-61-8803|||Eastern hemisphere of the Moon|NASA||
078:43:42|AS13-61-8804|||Eastern hemisphere of the Moon|NASA||
079:12:16|AS13-61-8805|||Eastern hemisphere of the Moon|NASA||
079:12:25|AS13-61-8806|||Eastern hemisphere of the Moon|NASA||
080:24:06|AS13-61-8807|||Eastern hemisphere of the Moon|NASA||
080:24:10|AS13-61-8808|||Eastern hemisphere of the Moon|NASA||
080:24:14|AS13-61-8809|||Eastern hemisphere of the Moon|NASA||
080:24:18|AS13-61-8810|||Eastern hemisphere of the Moon|NASA||
080:24:22|AS13-61-8811|||Eastern hemisphere of the Moon|NASA||
080:24:27|AS13-61-8812|||Eastern hemisphere of the Moon|NASA||
080:24:44|AS13-61-8813|||Exhaust hose from ECS, mounted by the LMP LM window. Very under exposed|NASA||
080:25:10|AS13-61-8813a|||Exhaust hose from ECS, mounted by the LMP LM window. Very under exposed|NASA||
080:25:22|AS13-61-8814|||Moon|NASA||
080:25:26|AS13-61-8815|||Moon|NASA||
080:25:40|AS13-61-8816|||Moon|NASA||
080:25:51|AS13-61-8817|||Moon|NASA||
080:25:57|AS13-61-8818|||Moon|NASA||
080:28:12|AS13-61-8819|||Moon|NASA||
080:28:16|AS13-61-8819a|||LM interior, probably the CDR window. Very under exposed|NASA||
080:34:02|AS13-61-8820|||Moon through LMP LM window|NASA||
080:34:06|AS13-61-8821|||Triple Exposure of the Moon through the LMP LM window|NASA||
080:34:10|AS13-61-8822|||Moon through LMP LM window|NASA||
080:34:15|AS13-61-8823|||Moon through LMP LM window|NASA||
080:34:19|AS13-61-8824|||Moon through LMP LM window|NASA||
080:34:24|AS13-61-8825|||Moon through LMP LM window|NASA||
080:34:28|AS13-61-8825a|||Underexposed photo of distant Earth|NASA||
080:34:33|AS13-61-8825b|||Underexposed photo of distant Earth|NASA||
080:34:38|AS13-61-8826|||Earth through CDR LM window|NASA||
080:34:43|AS13-61-8827|||Earth through CDR LM window|NASA||
080:34:49|AS13-61-8828|||Earth through CDR LM window|NASA||
080:36:33|AS13-61-8829|||Earth through CDR LM window|NASA||
080:36:37|AS13-61-8830|||Earth through CDR LM window|NASA||
080:36:45|AS13-61-8831|||Earth through CDR LM window|NASA||
080:36:50|AS13-61-8832|||Earth through CDR LM window|NASA||
080:36:54|AS13-61-8833|||Earth through CDR LM window|NASA||
080:40:08|AS13-61-8834|||Earth through CDR LM window|NASA||
080:40:14|AS13-61-8835|||Earth through CDR LM window|NASA||
080:40:21|AS13-61-8836|||Earth through CDR LM window|NASA||
080:40:26|AS13-61-8837|||Moon|NASA||
080:43:49|AS13-61-8838|||Moon|NASA||
080:43:57|AS13-61-8839|||Moon|NASA||
080:44:06|AS13-61-8840|||Moon|NASA||
080:44:14|AS13-61-8841|||Moon|NASA||
080:44:22|AS13-61-8842|||Earth|NASA||
080:44:31|AS13-61-8843|||Earth|NASA||
080:44:40|AS13-61-8844|||Earth|NASA||
080:44:48|AS13-61-8845|||Earth|NASA||
080:44:55|AS13-61-8846|||Sliver of Moon|NASA||
081:33:23|AS13-61-8847|||Moon|NASA||
081:33:32|AS13-61-8848|||Moon|NASA||
081:33:40|AS13-61-8849|||Moon|NASA||
081:33:54|AS13-61-8850|||Moon|NASA||
081:34:14|AS13-61-8851|||Moon|NASA||
081:34:30|AS13-61-8852|||Moon|NASA||
081:34:41|AS13-61-8853|||Moon|NASA||
081:35:08|AS13-61-8854|||Moon|NASA||
081:35:20|AS13-61-8855|||Moon|NASA||
081:36:02|AS13-61-8856|||Moon|NASA||
081:43:18|AS13-61-8857|||Moon|NASA||
081:43:29|AS13-61-8858|||Moon|NASA||
082:13:21|AS13-61-8859|||Moon|NASA||
082:30:03|AS13-61-8860|||Moon|NASA||
082:31:15|AS13-61-8861|||Moon|NASA||
082:53:53|AS13-61-8862|||Very under exposed photo of the LM docking window|NASA||
082:54:01|AS13-61-8862a|||Very under exposed photo of the LM docking window|NASA||
082:54:10|AS13-61-8862b|||Very under exposed photo of the LM docking window|NASA||
082:54:18|AS13-61-8863|||Moon|NASA||
091:02:15|AS13-61-8864|||Earth through LMP LM window|NASA||
091:44:40|AS13-61-8865|||Moon-accidental exposure|NASA||
091:44:56|AS13-61-8866|||Moon|NASA||
091:32:54|AS13-61-8867|||Earth through LMP LM window|NASA||
095:52:20|AS13-61-8868|||Moon through the CDR LM window|NASA||
095:52:32|AS13-61-8869|||Moon through the CDR LM window|NASA||
082:53:53|AS13-61-8870|||Moon through the CDR LM window|NASA||
082:54:01|AS13-61-8871|||Moon through the CDR LM window|NASA||
082:54:10|AS13-61-8872|||Moon through the CDR LM window|NASA||
082:54:18|AS13-61-8873|||Moon through the CDR LM window|NASA||
090:15:48|AS13-61-8874|||Moon through the CDR LM window|NASA||
090:15:56|AS13-61-8875|||Moon through the CDR LM window|NASA||
095:50:49|AS13-61-8876|||Assembled CO2 scrubber canister, mounted on the ECS in the LM|NASA||
095:51:01|AS13-61-8877|||Assembled CO2 scrubber canister, mounted on the ECS in the LM|NASA||
095:52:20|AS13-61-8878|||Assembled CO2 scrubber canister in the LM docking tunnel|NASA||
095:52:38|AS13-61-8879|||Assembled CO2 scrubber canister in the LM docking tunnel|NASA||
068:00:02|AS13-62-8880|||LM interior out of focus. Reflection of ascent engine cover|NASA||
068:00:15|AS13-62-8881|||Moon crescent taken through LMP LM window. Ptolemaeus & Alphonsus can just been seen near the sunrise terminator. RCS thruster in foreground. |NASA||
068:00:30|AS13-62-8882|||Moon crescent taken through LMP LM window. Ptolemaeus & Alphonsus can just been seen near the sunrise terminator. RCS thruster in foreground. |NASA||
068:00:45|AS13-62-8883|||Moon crescent taken through LMP LM window. Ptolemaeus & Alphonsus can just been seen near the sunrise terminator. RCS thruster in foreground. |NASA||
068:01:00|AS13-62-8884|||Moon crescent taken through LMP LM window. Ptolemaeus & Alphonsus can just been seen near the sunrise terminator. RCS thruster in foreground. |NASA||
068:01:15|AS13-62-8885|||Moon crescent taken through LMP LM window. Ptolemaeus & Alphonsus can just been seen near the sunrise terminator. RCS thruster in foreground. |NASA||
075:17:21|AS13-62-8886|||Earth taken through the CDR LM window, Africa and Europe|NASA||
075:17:35|AS13-62-8887|||Earth taken through the CDR LM window, Africa and Europe|NASA||
075:17:47|AS13-62-8888|||Earth taken through the CDR LM window, Africa and Europe|NASA||
075:18:02|AS13-62-8889|||Earth taken through the CDR LM window, Africa and Europe|NASA||
068:05:00|AS13-62-8890|||Transfer tunnel to LM, dark|NASA||
068:05:04|AS13-62-8891|||Transfer tunnel to LM, dark|NASA||
068:05:10|AS13-62-8892|||Transfer tunnel to LM, dark|NASA||
068:06:10|AS13-62-8893|||Faint image of Moon taken through the LMP LM window|NASA||
068:06:25|AS13-62-8894|||Faint image of Moon taken through the LMP LM window|NASA||
068:06:40|AS13-62-8895|||Faint image of Moon taken through the LMP LM window|NASA||
068:06:55|AS13-62-8896|||Faint image of Moon taken through the LMP LM window|NASA||
068:07:10|AS13-62-8897|||Faint image of Moon taken through the LMP LM window|NASA||
068:20:21|AS13-62-8898|||LM interior very dark, panel 1 and the CDR window|NASA||
068:22:13|AS13-62-8899|||LM interior dark looking over to CDR station and the docking window|NASA||
068:22:23|AS13-62-8900|||LM interior dark looking over to CDR station and the docking window|NASA||
076:10:05|AS13-62-8901|||Very distant Earth crescent|NASA||
076:10:20|AS13-62-8902|||Very distant Earth crescent|NASA||
076:10:35|AS13-62-8903|||Very distant Earth crescent|NASA||
076:10:50|AS13-62-8904|||Very distant Earth crescent|NASA||
076:11:05|AS13-62-8905|||Very distant Earth crescent|NASA||
076:11:20|AS13-62-8906|||Very distant Earth crescent|NASA||
077:25:25|AS13-62-8907|||Chaplygin, Schliemann and Ventris, with the CM in the foreground, taken through the LM docking window|NASA||
077:25:31|AS13-62-8908|||Chaplygin, Schliemann and Ventris, with the CM in the foreground, taken through the LM docking window|NASA||
077:25:39|AS13-62-8909|||Chaplygin, Schliemann and Beijerinck, with the CM in the foreground, taken through the LM docking window|NASA||
077:25:45|AS13-62-8910|||Chaplygin, Schliemann and Ventris, with the CM in the foreground, taken through the LM docking window|NASA||
077:25:52|AS13-62-8911|||Chaplygin, Schliemann, with the CM in the foreground, taken through the LM docking window|NASA||
077:25:59|AS13-62-8912|||Chaplygin, Schliemann and Ventris, with the CM in the foreground, taken through the LM docking window|NASA||
077:26:09|AS13-62-8913|||Chaplygin, Schliemann, Beijerinck, and Gagarin, with the CM in the foreground, taken through the LM docking window|NASA||
077:26:22|AS13-62-8914|||Chaplygin, Schliemann and Marconi, with the CM in the foreground, taken through the LM docking window|NASA||
077:35:40|AS13-62-8915|||Mare Moscoviense, Komarov, Konstantinov, Van Gent, Papaleksi and Mandel'shtam at the terminator|NASA||
077:35:47|AS13-62-8916|||Mare Moscoviense, Komarov, Konstantinov, Van Gent, Papaleksi and Mandel'shtam at the terminator|NASA||
077:35:58|AS13-62-8917|||Mare Moscoviense, Komarov, Konstantinov, Van Gent, Papaleksi and Mandel'shtam at the terminator|NASA||
077:36:02|AS13-62-8918|||Vening Meinesz, Konstantinov, Van Gent, Papaleksi and Mandel'shtam at the terminator|NASA||
077:36:08|AS13-62-8919|||Mare Moscoviense, Komarov, Konstantinov, at the terminator|NASA||
077:36:30|AS13-62-8920|||Mare Moscoviense, Komarov, Konstantinov, Van Gent, Papaleksi the terminator|NASA||
077:36:40|AS13-62-8921|||Vening Meinesz, Konstantinov, Van Gent, Papaleksi and Mandel'shtam at the terminator|NASA||
077:37:02|AS13-62-8922|||Mare Moscoviense, Komarov, Konstantinov, Van Gent, Papaleksi the terminator|NASA||
077:37:10|AS13-62-8923|||Mare Moscoviense, Komarov, Konstantinov, Van Gent, Papaleksi and Mandel'shtam at the terminator|NASA||
091:39:35|AS13-62-8924|||Moon|NASA||
091:39:55|AS13-62-8925|||Moon|NASA||
091:40:15|AS13-62-8926|||Moon|NASA||
091:41:35|AS13-62-8927|||Moon|NASA||
091:41:55|AS13-62-8928|||Moon|NASA||
094:15:02|AS13-62-8929|||Interior of Spacecraft. Emergency rig lithium hydroxide unit|NASA||
094:15:48|AS13-62-8930|||Interior of Spacecraft. Emergency rig lithium hydroxide unit|NASA||
095:59:20|AS13-62-8931|||LM panels 1 & 2|NASA||
095:59:30|AS13-62-8932|||LM panels 1 & 2|NASA||
096:00:55|AS13-62-8933|||Moon|NASA||
096:01:05|AS13-62-8934|||Moon|NASA||
096:21:12|AS13-62-8935|||Interior of LM, showing lithium hydroxide canister rigged in the overhead hatch.|NASA||
096:21:44|AS13-62-8936|||Lithium hydroxide canister by the ECS and overhead hatch cover in the LM|NASA||
096:24:45|AS13-62-8937|||Moon|NASA||
096:25:00|AS13-62-8938|||Moon|NASA||
096:25:14|AS13-62-8939|||Moon|NASA||
096:25:25|AS13-62-8940|||Moon|NASA||
097:15:52|AS13-62-8941|||LM RCS Thruster|NASA||
097:18:58|AS13-62-8942|||Possibly a shot trying to show later venting|NASA||
104:57:21|AS13-62-8943|||Earth Caribbean Sea & North America|NASA||
104:59:33|AS13-62-8944|||Fred Haise looking out of the CDR LM window|NASA||
105:00:16|AS13-62-8945|||View of CM Main hatch seen from the LM docking window|NASA||
105:00:28|AS13-62-8946|||View of CM Main hatch seen from the LM docking window|NASA||
105:01:40|AS13-62-8947|||Earth Caribbean Sea & North America|NASA||
105:02:21|AS13-62-8948|||Earth Caribbean Sea & North America|NASA||
105:04:03|AS13-62-8949|||Earth Caribbean Sea & North America|NASA||
105:05:26|AS13-62-8950|||Moon|NASA||
105:05:50|AS13-62-8951|||Moon|NASA||
105:06:17|AS13-62-8952|||Moon|NASA||
105:06:41|AS13-62-8953|||Moon|NASA||
105:08:06|AS13-62-8954|||Earth Caribbean Sea & North America through LMP LM window|NASA||
105:08:21|AS13-62-8955|||Sun and CM seen through the LM docking window|NASA||
105:08:39|AS13-62-8956|||Earth Caribbean Sea & North America|NASA||
105:12:12|AS13-62-8957|||Earth Caribbean Sea & North America|NASA||
105:54:46|AS13-62-8958|||CM from LM docking window|NASA||
105:55:01|AS13-62-8959|||CM from LM docking window|NASA||
105:55:28|AS13-62-8960|||CM, LM and Earth, North America and Pacific Ocean|NASA||
105:56:32|AS13-62-8961|||CM, LM and Earth, North America and Pacific Ocean|NASA||
107:10:55|AS13-62-8962|||Moon|NASA||
107:11:15|AS13-62-8963|||Moon|NASA||
107:11:36|AS13-62-8964|||Moon|NASA||
107:12:38|AS13-62-8965|||Exterior of CM through the LM docking window.|NASA||
107:13:25|AS13-62-8966|||Moon through the LM docking window also showing the CSM EVA light extended|NASA||
107:13:50|AS13-62-8967|||Moon through the LM docking window also showing the CSM EVA light extended|NASA||
107:13:50|AS13-62-8968|||Earth Pacific Ocean|NASA||
108:32:47|AS13-62-8969|||Earth Pacific Ocean|NASA||
108:32:55|AS13-62-8970|||Earth Pacific Ocean and CM exterior |NASA||
108:33:04|AS13-62-8971|||Earth Pacific Ocean and CM exterior |NASA||
108:33:12|AS13-62-8972|||Earth Pacific Ocean|NASA||
108:42:27|AS13-62-8973|||View of CM with bright sun reflection through LM docking window|NASA||
108:42:35|AS13-62-8974|||View of CM with bright sun reflection through LM docking window|NASA||
108:42:45|AS13-62-8975|||Possibly LM window shade rolled up|NASA||
108:42:53|AS13-62-8976|||CM main hatch through the LM docking window|NASA||
109:02:27|AS13-62-8977|||Earth Pacific Ocean|NASA||
113:04:09|AS13-62-8978|||Moon|NASA||
118:54:16|AS13-62-8979|||Earth India, Indian Ocean|NASA||
118:54:55|AS13-62-8980|||Earth India, Indian Ocean|NASA||
118:55:20|AS13-62-8981|||Earth India, Indian Ocean|NASA||
118:55:42|AS13-62-8982|||Earth India, Indian Ocean|NASA||
118:55:59|AS13-62-8983|||Earth India, Indian Ocean|NASA||
118:56:13|AS13-62-8984|||Earth India, Indian Ocean|NASA||
118:56:23|AS13-62-8985|||Earth India, Indian Ocean|NASA||
119:00:10|AS13-62-8986|||Moon|NASA||
119:00:16|AS13-62-8987|||Moon|NASA||
119:16:02|AS13-62-8988|||Lovell resting at his station in the LM|NASA||
119:16:07|AS13-62-8989|||Lovell resting at his station in the LM|NASA||
119:16:13|AS13-62-8990|||Lovell resting at his station in the LM|NASA||
119:16:30|AS13-62-8991|||Moon|NASA||
119:16:36|AS13-62-8992|||Moon|NASA||
119:19:57|AS13-62-8993|||Earth, India, Indian Ocean, Asia and Saudi Arabia|NASA||
119:20:08|AS13-62-8994|||Earth, India, Indian Ocean, Asia and Saudi Arabia|NASA||
119:20:17|AS13-62-8995|||Earth, India, Indian Ocean, Asia and Saudi Arabia|NASA||
119:20:24|AS13-62-8996|||Earth overexposed|NASA||
119:20:31|AS13-62-8997|||Earth overexposed|NASA||
119:20:40|AS13-62-8998|||Earth overexposed|NASA||
119:20:51|AS13-62-8999|||Earth, India, Indian Ocean, Asia and Saudi Arabia|NASA||
119:23:17|AS13-62-9000|||Distant Moon|NASA||
119:23:25|AS13-62-9001|||Distant Moon|NASA||
119:23:32|AS13-62-9002|||Distant Moon|NASA||
119:36:00|AS13-62-9003|||Swigert & Lovell working on air lines in LM. Double LioH cannister by ECS|NASA||
119:36:03|AS13-62-9004|||Swigert & Lovell working on air lines in LM. Double LioH cannister by ECS|NASA||
119:36:08|AS13-62-9005|||Swigert & Lovell working on air lines in LM. Double LioH cannister by ECS|NASA||
122:08:12|AS13-62-9006|||Distant Moon|NASA||
122:08:20|AS13-62-9007|||Distant Moon|NASA||
122:08:27|AS13-62-9008|||Distant Moon|NASA||
122:08:33|AS13-62-9009|||Distant Moon|NASA||
122:08:41|AS13-62-9010|||Distant Moon|NASA||
124:46:21|AS13-62-9011|||Earth, Western Africa|NASA||
124:47:00|AS13-62-9012|||Earth, Western Africa|NASA||
124:46:46|AS13-62-9013|||Earth, Western Africa|NASA||
124:47:00|AS13-62-9014|||Earth, Western Africa|NASA||
124:49:58|AS13-62-9015|||Distant Moon|NASA||
124:50:09|AS13-62-9016|||Distant Moon|NASA||
124:50:17|AS13-62-9017|||Distant Moon|NASA||
124:52:08|AS13-62-9018|||Earth, Western Africa|NASA||
124:52:15|AS13-62-9019|||Earth, Western Africa|NASA||
124:52:24|AS13-62-9020|||Earth, Western Africa|NASA||
124:55:16|AS13-62-9021|||Distant Moon|NASA||
124:55:24|AS13-62-9022|||Distant Moon|NASA||
124:55:33|AS13-62-9023|||Distant Moon|NASA||
127:07:26|AS13-62-9024|||Earth, Eastern Atlantic Ocean|NASA||
127:07:40|AS13-62-9025|||Earth, Eastern Atlantic Ocean|NASA||
127:07:51|AS13-62-9026|||Earth, Eastern Atlantic Ocean|NASA||
127:08:05|AS13-62-9027|||Earth, Eastern Atlantic Ocean|NASA||
127:08:26|AS13-62-9028|||Earth, Eastern Atlantic Ocean|NASA||
127:18:13|AS13-62-9029|||CM through the LM docking window|NASA||
127:18:21|AS13-62-9030|||CM through the LM docking window|NASA||
127:18:30|AS13-62-9031|||CM through the LM docking window|NASA||
127:18:47|AS13-62-9032|||CM through the LM docking window|NASA||
127:22:42|AS13-62-9033|||Earth, Atlantic Ocean|NASA||
127:22:55|AS13-62-9034|||Earth, Atlantic Ocean|NASA||
127:26:36|AS13-62-9035|||Very distant Moon|NASA||
127:31:45|AS13-62-9036|||Earth, Atlantic Ocean|NASA||
127:31:58|AS13-62-9037|||Earth, Atlantic Ocean|NASA||
127:32:16|AS13-62-9038|||Earth, Atlantic Ocean|NASA||
127:32:25|AS13-62-9039|||Blurred imagery of LM docking window frame|NASA||
skip|AS13-62-9039a|||No image|NASA||
137:15:54|AS13-63-9040|||Earth with reflections in the LM window|NASA||
137:16:10|AS13-63-9041|||Earth with reflections in the LM window|NASA||
137:16:22|AS13-63-9042|||Earth with reflections in the LM window|NASA||
137:16:38|AS13-63-9043|||Earth with reflections in the LM window|NASA||
137:16:52|AS13-63-9044|||Earth with reflections in the LM window|NASA||
137:17:04|AS13-63-9045|||Earth with reflections in the LM window|NASA||
skip|KSC-69PC-826||||NASA||
-12:13:00|KSC-70C-1049|ap13-KSC-70C-1049HR.jpg||The Apollo 13 CSM and Escape Tower from the Mobile Service Structure|NASA||
-23:45:00|KSC-70C-1490|ap13-KSC-70C-1490HR.jpg||Apollo 13 silhouetted by sunset following MSS pullback|NASA||
-23:50:00|KSC-70C-1491|ap13-KSC-70C-1491HR.jpg||Apollo 13 Saturn V on the pad at dusk|NASA||
skip|KSC-70C-1499|||Apollo 13 Saturn V viewed from the Mobile Service Structure during MSS rollback|NASA||
-00:30:00|KSC-70PC-104|ap13-KSC-70PC-104HR.jpg||Apollo 13 ready for launch|NASA||
000:00:09|KSC-70PC-107|ap13-KSC-70PC-107HR.jpg||Launch|NASA||
142:54:46|KSC-70PC-121||KSC-70PC-121.jpg|Splashdown|NASA||
000:00:05|KSC-70PC-159|ap13-KSC-70PC-159.jpg||Launch|NASA||
000:00:03|KSC-70PC-160|ap13-KSC-70PC-160HR.jpg||Launch|NASA||
-23:15:00|KSC-70PC-176|ap13-KSC-70PC-176HR.jpg||Apollo 13 Saturn V spotlit on the launch pad|NASA||
000:00:00|KSC-70PC-178|ap13-KSC-70PC-178HR.jpg||Launch|NASA||
-23:35:00|KSC-70PC-43|ap13-KSC-70PC-43HR.jpg||Apollo 13 Saturn V on the launch pad at sunset|NASA||
143:27:51|KSC-70PC-256|ap13-KSC-70PC-256.jpg||Jack Swigert is raised to the recovery helicopter after splashdown.|NASA||
143:41:46|KSC-70PC-0130|ap13-KSC-70PC-0130.jpg||Fred Haise (left), Jim Lovell, and Jack Swigert emerge from the recovery helicopter on-board the aircraft carrier Iwo Jima.|NASA||
144:00:00|S70-15501|ap13-S70-15501.jpg||Jim Lovell reads a newspaper account of the Apollo 13 recovery.|NASA||
skip|S70-15507|ap13-S70-15507.jpg||Jack Swigert (left) and Jim Lovell examine the Command Module aboard the Iwo Jima.|NASA||
144:43:28|S70-15511|ap13-S70-15511.jpg||U. S. President Richard Nixon (right) welcomes the Apollo 13 crew safely home. Jack Swigert is at the left, then Fred Haise, and Jim Lovell. 18 April 1970.|NASA||
143:57:34|S70-15520|ap13-S70-15520.jpg||Jim Lovell (left), Fred Haise, and Jack Swigert receive a phone call on board the Iwo Jima. The fact that it is a group call and that a photo was taken suggest that the call is from President Nixon.|NASA||
143:23:51|S70-15523||S70-15523.jpg|Recovery|NASA||
144:48:02|S70-15526|ap13-S70-15526.jpg||Fred Haise (left), Jim Lovell, President Nixon, and Jack Swigert at Hickham Air Force Base, Hawaii. 18 April 1970.|NASA||
143:56:31|S70-15531|ap13-S70-15531.jpg||The Apollo 13 Command Module after being hosted aboard the Iwo Jima.|NASA||
143:52:59|S70-15653|ap13-S70-15653.jpg||Navy divers pose with the Command Module before it is hoisted aboard the Iwo Jima.|NASA||
skip|S70-15762|ap13-S70-15762.jpg||Jim Lovell (left), Jack Swigert, and Fred Haise at Hickham Air Force Base, Hawaii. 18 April 1970.|NASA||
143:53:09|S70-15841|ap13-S70-15841.jpg||Navy divers pose with the Command Module before it is hoisted aboard the Iwo Jima.|NASA||
143:53:15|S70-16000|ap13-S70-16000.jpg||Navy divers prepare the Command Module for hoisting.|NASA||
-22:55:00|S70-32990|ap13-S70-32990HR.jpg||Apollo 13 on the pad at night|NASA||
000:00:08|S70-34747|ap13-S70-34747HR.jpg||Launch|NASA||
000:00:04|S70-34853|ap13-S70-34853.jpg||Launch|NASA||
000:00:11|S70-34855|ap13-S70-34855HR.jpg||Launch|NASA||
143:39:43|S70-35144||S70-35144.jpg|Thumbs up from Gerry Griffin|NASA||
143:42:08|S70-35145|ap13-S70-35145HR.jpg||Mission Control in Houston celebrates the safe return of the Apollo 13 crew. Gene Kranz is smoking a celebratory cigar at the right while Deke Slayton, in front of the mission patch, shakes hands.|NASA||
146:12:38|S70-35562||S70-35562.jpg|Presidential Medal of Freedom article bestowed upon all of Mission Control.|NASA||
143:42:45|S70-35603||S70-35603.jpg|Recovery prayer|NASA||
143:43:29|S70-35606|ap13-S70-35606HR.jpg||Rear Admiral Donald C. Davis (USN), Recovery Task Force Commander, welcomes Fred Haise (left), Jack Swigert, and Jim Lovell aboard the U.S. Iwo Jima after their safe return to Earth.|NASA||
143:43:32|S70-35629||S70-35629.jpg||NASA||
143:24:59|S70-35631|ap13-S70-35631.jpg||Recovery|NASA||
143:54:32|S70-35632|ap13-S70-35632.jpg||The Apollo 13 Command Module being hosted aboard the Iwo Jima. 17 April 1970.|NASA||
142:54:52|S70-35644||S70-35644.jpg|Recovery|NASA||
143:27:49|S70-35645||S70-35645.jpg|Recovery|NASA||
143:25:15|S70-35651||S70-35651.jpg|Recovery|NASA||
142:50:04|S70-35652||S70-35652.jpg|On the mains|NASA||
142:54:43|Apollo13_splashdown||Apollo13_splashdown.jpg|Splashdown|NASA||
078:02:15|SIVB_impact||SIVB_impact_large.jpg|"The impact site of the S-IVB as photographed by the <a href=""https://lunar.gsfc.nasa.gov/about.html"" target=""_blank""> Lunar Reconnaissance Orbiter</a> in 2010. A scientific paper was written in 1974 about <a href=""https://media.apolloinrealtime.org/A13/documents/Lindeman_et_al-1974-Journal_of_Geophysical_Research.pdf"" target=""_blank"">The Interaction Between an Impact-Produced Neutral Gas Cloud and the Solar Wind at the Lunar Surface</a>"|NASA/GSFC/ASU||
|||||||
|||||||
|||||||
|||||||
|||||||
|||||||
|||||||
|||||||
|||||||
|||||||
|||||||
|||||||
|||||||
|||||||
|||||||
|||||||
|||||||
|||||||
|||||||
|||||||
|||||||
|||||||
|||||||
|||||||
|||||||
|||||||
|||||||
|||||||
|||||||
|||||||
|||||||
|||||||
|||||||
|||||||
|||||||
|||||||
|||||||
|||||||
|||||||
|||||||
|||||||
|||||||
|||||||
|||||||
|||||||
|||||||
|||||||
